band_end_norm,band_offset_db,band_start_norm,bandwidth_hz,delta_f_hz,forced_peak_track_type,freq_amp_coupling,mean_offset_db,noise_std,normal_state,offset_db,peak_track_profile,peak_track_warning,period_norm,ppm,quant_step_db,ripple_amp_db,sample_id,severity,shift_bins,slope_db,spike_amp_db,spike_count,subtype,template_id,tier_target,track_type,type,warp_bias,warp_scale
,,,,,,,,,,,,,,,,,sim_00000,severe,,-0.1061023130952875,,,amp_error_band,T2,in_spec_weak,,lpf_shift,,
,,,,,,,,,,,,,0.08852446893133625,,,0.08491962789978852,sim_00001,mid,,,,,amp_error_band,T3,in_spec_weak,,lpf_shift,,
,,,,,,,-0.0008569062741385069,,,,,,0.1314332923931285,,,0.04778549694432898,sim_00002,light,,,,,amp_error_ripple,T3,mild_oos,,,,
,,,,,,,,0.05712393240301379,,,,,,,,,sim_00003,mid,,,,,amp_error_offset,T6,in_spec_weak,,vbw_smoothing,,
,,,,,,,0.006655532123021973,,,,,,0.07067697226046385,,,0.06101451659228512,sim_00004,mid,,,,,amp_error_ripple,T3,in_spec_weak,,,,
,,,,,,,,,,,,,0.08894570649774136,,,0.07496653530793385,sim_00005,mid,,,,,amp_error_band,T3,in_spec_weak,,lpf_shift,,
,,,,,,,,0.0794579801485881,,,,,,,,,sim_00006,mid,,,,,amp_error_ripple,T6,in_spec_weak,,power_noise,,
,,,,,,,,,,-0.19916648195405107,,,,,,,sim_00007,mid,,,,,amp_error_offset,T1,in_spec_weak,,adc_bias,,
,,,,,,,,,,,,,,,,,sim_00008,mid,,,0.15152195450531677,8.0,amp_error_ripple,T5,in_spec_weak,,power_noise,,
,,,,,,,,,,,,,,,,,sim_00009,mid,,-0.07270576265398421,,,amp_error_band,T2,in_spec_weak,,lpf_shift,,
,,,,,,,,0.04214446434241725,,,,,,,,,sim_00010,mid,,,,,amp_error_offset,T6,in_spec_weak,,vbw_smoothing,,
,,,,,,,,,,,,,0.11398893336667547,,,0.08437037368829489,sim_00011,mid,,,,,amp_error_band,T3,mild_oos,,lpf_shift,,
,,,,,,,,0.0427854855533244,,,,,,,,,sim_00012,mid,,,,,amp_error_ripple,T6,in_spec_weak,,power_noise,,
,,,,,,,,,,-0.28510935683854427,,,,,,,sim_00013,severe,,,,,amp_error_offset,T1,in_spec_weak,,vbw_smoothing,,
,,,,,,,,,,,,,,,0.009773619306401308,,sim_00014,light,,,,,amp_error_offset,T7,edge,,adc_bias,,
,,,,,,,-0.0043541259360471,,,,,,0.1254496216219067,,,0.04437438205481352,sim_00015,light,,,,,amp_error_ripple,T3,in_spec_weak,,,,
,,,,,,,,,,,,,,,,,sim_00016,light,,-0.03223834001590783,,,amp_error_ripple,T2,in_spec_weak,,mixer_ripple,,
,,,,,,,,,,,,,,,,,sim_00017,severe,,-0.12017769225587743,,,amp_error_ripple,T2,in_spec_weak,,mixer_ripple,,
,,,,,,,,,,0.1050205783911915,,,,,,,sim_00018,mid,,,,,amp_error_offset,T1,mild_oos,,adc_bias,,
,,,,,,,0.0015500453681780717,,,,,,0.1023194654506307,,,0.11217695453129171,sim_00019,mid,,,,,amp_error_ripple,T3,mild_oos,,,,
,,,,,,,,,,-0.09197164172934896,,,,,,,sim_00020,light,,,,,amp_error_offset,T1,mild_oos,,adc_bias,,
,,,,,,,,,,-0.1612706852004388,,,,,,,sim_00021,mid,,,,,amp_error_offset,T1,in_spec_weak,,vbw_smoothing,,
,,,,,,,,0.037132639002676805,,,,,,,,,sim_00022,light,,,,,amp_error_offset,T6,in_spec_weak,,vbw_smoothing,,
,,,,,,,,0.025608398865673315,,,,,,,,,sim_00023,light,,,,,amp_error_ripple,T6,in_spec_weak,,power_noise,,
0.8725432074736206,0.11230210566900883,0.34084073598543013,,,,,-0.045825820723549196,,,,,,,,,,sim_00024,mid,,,,,amp_error_band,T9,in_spec_weak,,,,
,,,,,,,,,,,,,,,,,sim_00025,severe,,-0.19543955711308264,,,amp_error_band,T2,in_spec_weak,,lpf_shift,,
,,,,,,,-0.002370369919690908,,,,,,0.1240189829776199,,,0.053051728232589815,sim_00026,light,,,,,amp_error_ripple,T3,mild_oos,,,,
,,,,,,,,,,,,,0.09260105886791077,,,0.05344037260478436,sim_00027,light,,,,,amp_error_band,T3,in_spec_weak,,lpf_shift,,
,,,,,,,0.0018497137141309287,,,,,,0.1526504809884612,,,0.06549643046479522,sim_00028,light,,,,,amp_error_ripple,T3,edge,,,,
,,,,,,,,,,,,,,,,,sim_00029,light,,-0.05541523107760159,,,amp_error_band,T2,mild_oos,,lpf_shift,,
,,,,,,,,,,0.15007234302643419,,,,,,,sim_00030,mid,,,,,amp_error_offset,T1,in_spec_weak,,vbw_smoothing,,
,,,,,,,0.00031328729175958967,,,,,,0.1407036541181384,,,0.060567126153754786,sim_00031,light,,,,,amp_error_ripple,T3,mild_oos,,,,
1.0,-0.1562104452057641,0.38134914370195067,,,,,0.05587414251553743,,,,,,,,,,sim_00032,mid,,,,,amp_error_band,T9,in_spec_weak,,,,
,,,,,,,,0.04057623704565461,,,,,,,,,sim_00033,mid,,,,,amp_error_offset,T6,in_spec_weak,,vbw_smoothing,,
,,,,,,,-0.0038135398776114977,,,,,,0.11906338085944894,,,0.06112576137431158,sim_00034,light,,,,,amp_error_ripple,T3,mild_oos,,,,
,,,,,,,,,,,,,,,,,sim_00035,mid,,,0.14131511357165857,12.0,amp_error_ripple,T5,in_spec_weak,,mixer_ripple,,
,,,,,,,,,,,,,,,,,sim_00036,light,,-0.0745210950805142,,,amp_error_ripple,T2,mild_oos,,mixer_ripple,,
0.529249407952631,0.11803780156820884,0.10072967660561793,,,,,0.0448815960813093,,,,,,,,,,sim_00037,light,,,,,amp_error_band,T9,in_spec_weak,,,,
0.913295024966297,0.17787728130509511,0.24534741195316317,,,,,-0.0485315788936557,,,,,,,,,,sim_00038,mid,,,,,amp_error_band,T9,in_spec_weak,,,,
,,,,,,,,,,,,,,,,,sim_00039,light,,-0.03497171987272857,,,amp_error_ripple,T2,in_spec_weak,,mixer_ripple,,
,,,,,,,0.00031940090408212303,,,,,,0.11462761153203024,,,0.04039583805463263,sim_00040,light,,,,,amp_error_ripple,T3,in_spec_weak,,,,
,,,,,,,,,,-0.1182126996103598,,,,,,,sim_00041,mid,,,,,amp_error_offset,T1,in_spec_weak,,vbw_smoothing,,
,,,,,,,,,,0.065875534072868,,,,,,,sim_00042,light,,,,,amp_error_offset,T1,in_spec_weak,,vbw_smoothing,,
,,,,,,,,,,,,,,,,,sim_00043,mid,,-0.13293944987636952,,,amp_error_ripple,T2,edge,,mixer_ripple,,
,,,,,,,,,,,,,,,,,sim_00044,severe,,,0.2891650530418703,16.0,amp_error_ripple,T5,edge,,mixer_ripple,,
,,,,,,,0.00028743143710083203,,,,,,0.1575599932565135,,,0.051812688758119126,sim_00045,light,,,,,amp_error_ripple,T3,in_spec_weak,,,,
,,,,,,,-0.00044731737647886753,,,,,,0.08804277092662735,,,0.06586110019265265,sim_00046,mid,,,,,amp_error_ripple,T3,in_spec_weak,,,,
,,,,,,,-0.002924881819413593,,,,,,0.13084544067352366,,,0.049029927280395125,sim_00047,light,,,,,amp_error_ripple,T3,in_spec_weak,,,,
,,,,,,,,,,-0.06914742115180851,,,,,,,sim_00048,light,,,,,amp_error_offset,T1,in_spec_weak,,vbw_smoothing,,
,,,,,,,,,,,,,,,,,sim_00049,light,,-0.06346750361542655,,,amp_error_band,T2,edge,,lpf_shift,,
,,,,,,,,,,-0.06454372141478289,,,,,,,sim_00050,light,,,,,amp_error_offset,T1,edge,,vbw_smoothing,,
,,,,,,,-0.0035852128388946672,,,,,,0.09395559028623311,,,0.08655550253875127,sim_00051,mid,,,,,amp_error_ripple,T3,in_spec_weak,,,,
,,,,,,,,,,,,,,,,,sim_00052,mid,,,0.18433888565703282,11.0,amp_error_ripple,T5,edge,,power_noise,,
,,,,,,,-0.004330833585098995,,,,,,0.08381050519553732,,,0.04971824183405262,sim_00053,light,,,,,amp_error_ripple,T3,mild_oos,,,,
,,,,,,,,,,0.18026474905505685,,,,,,,sim_00054,mid,,,,,amp_error_offset,T1,in_spec_weak,,adc_bias,,
,,,,,,,,,,,,,,,,,sim_00055,light,,-0.06511438733716632,,,amp_error_ripple,T2,edge,,mixer_ripple,,
,,,,,,,,,,,,,,,,,sim_00056,mid,,-0.06725560784955939,,,amp_error_band,T2,mild_oos,,lpf_shift,,
,,,,,,,-0.0045727354097072435,,,,,,0.11832601876855037,,,0.0663785886247563,sim_00057,light,,,,,amp_error_ripple,T3,mild_oos,,,,
,,,,,,,,,,,,,,,,,sim_00058,light,,-0.04963247621127148,,,amp_error_band,T2,mild_oos,,lpf_shift,,
,,,,,,,,,,0.06233029474849079,,,,,,,sim_00059,light,,,,,amp_error_offset,T1,in_spec_weak,,vbw_smoothing,,
,,,,,,,,,,,,,,,,,sim_00060,mid,,,0.13272401909365236,14.0,amp_error_ripple,T5,in_spec_weak,,mixer_ripple,,
,,,,,,,,,,,,,,,0.012465186585298296,,sim_00061,light,,,,,amp_error_offset,T7,in_spec_weak,,adc_bias,,
,,,,,,,0.0009439961923969798,,,,,,0.06906560381336896,,,0.07481956930664818,sim_00062,mid,,,,,amp_error_ripple,T3,mild_oos,,,,
0.8811492935179649,0.12827882054054668,0.19498912249971878,,,,,-0.03944351662472095,,,,,,,,,,sim_00063,mid,,,,,amp_error_band,T9,mild_oos,,,,
,,,,,,,,,,,,,,,0.01237825251977613,,sim_00064,light,,,,,amp_error_offset,T7,mild_oos,,adc_bias,,
,,,,,,,,,,,,,,,0.014576379616129469,,sim_00065,mid,,,,,amp_error_offset,T7,in_spec_weak,,adc_bias,,
,,,,,,,,,,,,,,,,,sim_00066,light,,-0.03590105877781605,,,amp_error_band,T2,mild_oos,,lpf_shift,,
,,,,,,,,,,,,,,,,,sim_00067,mid,,-0.08926466378986053,,,amp_error_ripple,T2,in_spec_weak,,mixer_ripple,,
0.9087620393698261,0.1344857315109935,0.2571429224216939,,,,,-0.04428650337338715,,,,,,,,,,sim_00068,mid,,,,,amp_error_band,T9,edge,,,,
,,,,,,,0.00047724583425097223,,,,,,0.08499666519728834,,,0.10245406239062009,sim_00069,mid,,,,,amp_error_ripple,T3,mild_oos,,,,
,,,,,,,,,,,,,,,,,sim_00070,mid,,,0.1776838212663201,9.0,amp_error_ripple,T5,in_spec_weak,,power_noise,,
0.6210411023662168,-0.12883622107406673,0.04021616178343895,,,,,0.05125564972630786,,,,,,,,,,sim_00071,mid,,,,,amp_error_band,T9,edge,,,,
,,,,,,,,,,,,,,,,,sim_00072,light,,-0.05589387236140418,,,amp_error_band,T2,edge,,lpf_shift,,
,,,,,,,-0.00860463719551028,,,,,,0.060640610877275326,,,0.13929010113291632,sim_00073,severe,,,,,amp_error_ripple,T3,in_spec_weak,,,,
,,,,,,,,,,,,,,,,,sim_00074,light,,,0.08764621901691025,8.0,amp_error_ripple,T5,in_spec_weak,,power_noise,,
,,,,,,,,,,,,,0.08363914927530124,,,0.06929282917725409,sim_00075,mid,,,,,amp_error_band,T3,in_spec_weak,,lpf_shift,,
,,,,,,,,,,,,,,,,,sim_00076,light,,-0.060442205600794705,,,amp_error_band,T2,in_spec_weak,,lpf_shift,,
0.4216420152160005,-0.20213273997194503,0.0,,,,,-0.07794671995968923,,,,,,,,,,sim_00077,severe,,,,,amp_error_band,T9,mild_oos,,,,
,,,,,,,0.0006395964791770554,,,,,,0.12058524086060712,,,0.06113931917314158,sim_00078,light,,,,,amp_error_ripple,T3,edge,,,,
,,,,,,,0.0009916322830972452,,,,,,0.08648198277319054,,,0.10957897521442753,sim_00079,mid,,,,,amp_error_ripple,T3,in_spec_weak,,,,
,,,,,,,0.000715667469443698,,,,,,0.0639055558254251,,,0.08469107029775258,sim_00080,mid,,,,,amp_error_ripple,T3,in_spec_weak,,,,
,,,,,,,,,,,,,,,0.012699292689133765,,sim_00081,light,,,,,amp_error_offset,T7,mild_oos,,adc_bias,,
,,,,,,,-0.00153496417403131,,,,,,0.08319975410833765,,,0.11872329185320168,sim_00082,mid,,,,,amp_error_ripple,T3,in_spec_weak,,,,
,,,,,,,,,,,,,0.07042726954189488,,,0.06843019022200542,sim_00083,mid,,,,,amp_error_band,T3,mild_oos,,lpf_shift,,
,,,,,,,,,,,,,,,0.01592307973359479,,sim_00084,mid,,,,,amp_error_offset,T7,in_spec_weak,,adc_bias,,
0.6256689921022394,-0.1763301949161023,0.0,,,,,0.06275321643246765,,,,,,,,,,sim_00085,severe,,,,,amp_error_band,T9,in_spec_weak,,,,
,,,,,,,,,,,,,,,,,sim_00086,mid,,,0.15504977559788036,12.0,amp_error_ripple,T5,in_spec_weak,,power_noise,,
,,,,,,,,,,,,,,,,,sim_00087,mid,,-0.07656060812603861,,,amp_error_band,T2,in_spec_weak,,lpf_shift,,
,,,,,,,,,,,,,,,,,sim_00088,light,,,0.11292844025379098,7.0,amp_error_ripple,T5,edge,,power_noise,,
,,,,,,,,,,,,,,,0.027038759456281453,,sim_00089,severe,,,,,amp_error_offset,T7,edge,,adc_bias,,
,,,,,,,,,,-0.050707078944228996,,,,,,,sim_00090,light,,,,,amp_error_offset,T1,in_spec_weak,,adc_bias,,
,,,,,,,0.006301952530730826,,,,,,0.0902784884870786,,,0.06517128419865828,sim_00091,light,,,,,amp_error_ripple,T3,in_spec_weak,,,,
,,,,,,,,,,,,,,,,,sim_00092,light,,-0.04614187711794576,,,amp_error_band,T2,edge,,lpf_shift,,
,,,,,,,,0.035847891384438876,,,,,,,,,sim_00093,light,,,,,amp_error_offset,T6,in_spec_weak,,vbw_smoothing,,
,,,,,,,,,,,,,,,,,sim_00094,mid,,,0.2010307942291501,8.0,amp_error_ripple,T5,in_spec_weak,,mixer_ripple,,
,,,,,,,,,,,,,0.127130255616757,,,0.06013632277700571,sim_00095,light,,,,,amp_error_band,T3,edge,,lpf_shift,,
,,,,,,,,,,,,,,,,,sim_00096,mid,,,0.19607127390903548,14.0,amp_error_ripple,T5,in_spec_weak,,mixer_ripple,,
,,,,,,,,,,,,,,,,,sim_00097,light,,-0.03298715032721008,,,amp_error_band,T2,edge,,lpf_shift,,
,,,,,,,,,,-0.0847542715469577,,,,,,,sim_00098,light,,,,,amp_error_offset,T1,edge,,adc_bias,,
,,,,,,,,,,,,,,,,,sim_00099,mid,,-0.0911301599536086,,,amp_error_band,T2,mild_oos,,lpf_shift,,
,,,8190000000.0,-377310.54418684443,True,"{'bias_db_min': -0.1, 'bias_db_max': -0.02}",,,,,"{'bands': [{'start_hz': 6234599290.470492, 'end_hz': 6738215008.480662, 'center_hz': 6486407149.475577, 'width_hz': 503615718.0101696, 'amplitude_hz': np.float64(62499412.31013025), 'ramp_hz': 75047188.71364704}, {'start_hz': 7001150044.912535, 'end_hz': 7849376500.328735, 'center_hz': 7425263272.620635, 'width_hz': 848226455.4162011, 'amplitude_hz': np.float64(-40334278.415293366), 'ramp_hz': 75047188.71364704}, {'start_hz': 248546940.8877712, 'end_hz': 1101696865.5428586, 'center_hz': 675121903.2153149, 'width_hz': 853149924.6550874, 'amplitude_hz': np.float64(-47178255.34440333), 'ramp_hz': 75047188.71364704}], 'track_type': 'hole'}",,,-46.06966351487722,,,sim_00100,mid,-0.03773105441868444,,,,,T8,in_spec_weak,hole,freq_miscal,-4.601348099839566e-05,0.9997391987817495
,,,8190000000.0,220085.1882967352,True,"{'bias_db_min': -0.1, 'bias_db_max': -0.02}",,,,,"{'bands': [{'start_hz': 5099803008.740923, 'end_hz': 5517640534.427921, 'center_hz': 5308721771.584422, 'width_hz': 417837525.6869986, 'amplitude_hz': 26958942.843827598, 'ramp_hz': 87676336.98502623}, {'start_hz': 1260709782.8447554, 'end_hz': 1672111392.8428686, 'center_hz': 1466410587.843812, 'width_hz': 411401609.99811316, 'amplitude_hz': 24851805.843132194, 'ramp_hz': 87676336.98502623}], 'track_type': 'dense'}",,,26.87242836345973,,,sim_00101,light,0.02200851882967352,,,,,T8,edge,dense,freq_miscal,2.683965710935795e-05,1.0001490915398392
,,,8190000000.0,-344128.2609684093,True,"{'bias_db_min': -0.1, 'bias_db_max': -0.02}",,,,,"{'bands': [{'start_hz': 6878636887.275248, 'end_hz': 7470159810.706285, 'center_hz': 7174398348.990767, 'width_hz': 591522923.4310386, 'amplitude_hz': 41086456.06135242, 'ramp_hz': 41703739.229119465}, {'start_hz': 5486870513.790454, 'end_hz': 6223310076.080415, 'center_hz': 5855090294.935434, 'width_hz': 736439562.2899606, 'amplitude_hz': 15559207.55326312, 'ramp_hz': 41703739.229119465}], 'track_type': np.str_('dense')}",,,-42.01810268234546,,,sim_00102,mid,-0.03441282609684093,,,,,T8,mild_oos,dense,freq_miscal,-4.1966861093708454e-05,1.0003052418348515
,,,8190000000.0,-2965002.8048999957,True,"{'bias_db_min': -0.1, 'bias_db_max': -0.02}",,,,,"{'bands': [{'start_hz': 4821494037.410752, 'end_hz': 5319993531.214143, 'center_hz': 5070743784.312448, 'width_hz': 498499493.80339086, 'amplitude_hz': 36051155.74119548, 'ramp_hz': 56096814.10872477}, {'start_hz': 3842293059.553653, 'end_hz': 4374280687.932925, 'center_hz': 4108286873.743289, 'width_hz': 531987628.37927204, 'amplitude_hz': 17574617.22643283, 'ramp_hz': 56096814.10872477}, {'start_hz': 6500520724.297873, 'end_hz': 6868750642.578617, 'center_hz': 6684635683.438245, 'width_hz': 368229918.28074455, 'amplitude_hz': 20217959.70255456, 'ramp_hz': 56096814.10872477}], 'track_type': 'dense'}",,,-362.02720450549396,,,sim_00103,severe,-0.29650028048999955,,,,,T8,in_spec_weak,dense,freq_miscal,-0.0003615857079146336,1.0001551394165942
,,,,,True,"{'bias_db_min': -0.1, 'bias_db_max': -0.02}",,,,,"{'bands': [{'start_hz': 3705383617.5088243, 'end_hz': 3939990264.116765, 'center_hz': 3822686940.8127947, 'width_hz': 234606646.60794038, 'amplitude_hz': np.float64(25267665.0597898), 'ramp_hz': 41333325.867613845}, {'start_hz': 4483319421.640701, 'end_hz': 4851213187.70203, 'center_hz': 4667266304.671366, 'width_hz': 367893766.06132966, 'amplitude_hz': np.float64(22877808.380980875), 'ramp_hz': 41333325.867613845}], 'track_type': 'hole'}",,,,,,sim_00104,light,,,,,,T8,in_spec_weak,hole,lo_path_error,,
,,,8190000000.0,1137342.2894372402,True,"{'bias_db_min': -0.1, 'bias_db_max': -0.02}",,,,,"{'bands': [], 'track_type': 'spike'}",,,138.86963240991946,,,sim_00105,mid,0.11373422894372402,,,,,T8,mild_oos,spike,clock_drift,,
,,,8190000000.0,134301.44627094094,True,"{'bias_db_min': -0.1, 'bias_db_max': -0.02}",,,,,"{'bands': [], 'track_type': np.str_('spike')}",,,16.398222987904877,,,sim_00106,light,0.013430144627094093,,,,,T8,mild_oos,spike,clock_drift,,
,,,8190000000.0,-117957.3033802389,True,"{'bias_db_min': -0.1, 'bias_db_max': -0.02}",,,,,"{'bands': [{'start_hz': 6482134502.106879, 'end_hz': 6717682170.280051, 'center_hz': 6599908336.193465, 'width_hz': 235547668.17317268, 'amplitude_hz': np.float64(-46906241.166504696), 'ramp_hz': 35490080.31444423}, {'start_hz': 4145823377.910308, 'end_hz': 4304192430.26069, 'center_hz': 4225007904.085499, 'width_hz': 158369052.3503814, 'amplitude_hz': np.float64(17125001.477389686), 'ramp_hz': 35490080.31444423}], 'track_type': np.str_('hole')}",,,-14.402601145328315,,,sim_00107,light,-0.01179573033802389,,,,,T8,in_spec_weak,hole,freq_miscal,-1.4385036997590108e-05,0.9997281617902642
,,,8190000000.0,-91915.53705407638,True,"{'bias_db_min': -0.1, 'bias_db_max': -0.02}",,,,,"{'bands': [], 'track_type': 'spike'}",,,-11.222898297201024,,,sim_00108,light,-0.009191553705407638,,,,,T8,in_spec_weak,spike,clock_drift,,
,,,,,True,"{'bias_db_min': -0.1, 'bias_db_max': -0.02}",,,,,"{'bands': [{'start_hz': 6454366294.73289, 'end_hz': 6787528612.507575, 'center_hz': 6620947453.620233, 'width_hz': 333162317.7746846, 'amplitude_hz': np.float64(-46193856.6029934), 'ramp_hz': 61321848.699306436}, {'start_hz': 3317400587.283646, 'end_hz': 4145114408.111673, 'center_hz': 3731257497.6976595, 'width_hz': 827713820.8280265, 'amplitude_hz': np.float64(-22928142.938152563), 'ramp_hz': 61321848.699306436}, {'start_hz': 7293675630.511714, 'end_hz': 7966163272.977429, 'center_hz': 7629919451.744572, 'width_hz': 672487642.4657149, 'amplitude_hz': np.float64(34602201.44273621), 'ramp_hz': 61321848.699306436}], 'track_type': 'hole'}",,,,,,sim_00109,mid,,,,,,T8,mild_oos,hole,lo_path_error,,
,,,,,True,"{'bias_db_min': -0.1, 'bias_db_max': -0.02}",,,,,"{'bands': [], 'track_type': np.str_('spike')}",peak_freq mismatch too weak,,,,,sim_00110,light,,,,,,T8,in_spec_weak,spike,lo_path_error,,
,,,,,True,"{'bias_db_min': -0.1, 'bias_db_max': -0.02}",,,,,"{'bands': [{'start_hz': 6819081505.7107725, 'end_hz': 7178211917.05902, 'center_hz': 6998646711.384896, 'width_hz': 359130411.3482471, 'amplitude_hz': 7189410.70845175, 'ramp_hz': 118791818.88852327}], 'track_type': np.str_('dense')}",peak_freq mismatch too weak,,,,,sim_00111,mid,,,,,,T8,edge,dense,lo_path_error,,
,,,8190000000.0,-221231.8677976375,True,"{'bias_db_min': -0.1, 'bias_db_max': -0.02}",,,,,"{'bands': [{'start_hz': 4000619640.5197396, 'end_hz': 4192273239.678989, 'center_hz': 4096446440.0993643, 'width_hz': 191653599.15924922, 'amplitude_hz': np.float64(-30493198.98230626), 'ramp_hz': 88306996.08544295}], 'track_type': np.str_('hole')}",peak_freq mismatch too weak,,-27.012438070529612,,,sim_00112,light,-0.02212318677976375,,,,,T8,in_spec_weak,hole,freq_miscal,-2.6979496072882622e-05,0.9996349433328379
,,,8190000000.0,128112.31183326614,True,"{'bias_db_min': -0.1, 'bias_db_max': -0.02}",,,,,"{'bands': [{'start_hz': 3211167578.7231507, 'end_hz': 3798743778.1528516, 'center_hz': 3504955678.438001, 'width_hz': 587576199.4297011, 'amplitude_hz': 9802236.091208726, 'ramp_hz': 36666994.960012674}, {'start_hz': 6056722800.320684, 'end_hz': 6421540865.742422, 'center_hz': 6239131833.031553, 'width_hz': 364818065.421737, 'amplitude_hz': 17759344.24858495, 'ramp_hz': 36666994.960012674}], 'track_type': 'dense'}",,,15.642528917370713,,,sim_00113,light,0.012811231183326614,,,,,T8,edge,dense,freq_miscal,1.562345266259343e-05,1.0002625316014522
,,,8190000000.0,1100096.6907569768,True,"{'bias_db_min': -0.1, 'bias_db_max': -0.02}",,,,,"{'bands': [], 'track_type': np.str_('spike')}",peak_freq mismatch too weak,,134.32194026336714,,,sim_00114,severe,0.11000966907569769,,,,,T8,in_spec_weak,spike,freq_miscal,0.00013415813301914352,0.9997630351730485
,,,8190000000.0,1795704.7887242276,True,"{'bias_db_min': -0.1, 'bias_db_max': -0.02}",,,,,"{'bands': [{'start_hz': 4534248902.03356, 'end_hz': 5297778491.013559, 'center_hz': 4916013696.52356, 'width_hz': 763529588.9799986, 'amplitude_hz': 20143089.413057335, 'ramp_hz': 32371729.338241577}, {'start_hz': 1171192275.065422, 'end_hz': 2277143779.2769785, 'center_hz': 1724168027.1712003, 'width_hz': 1105951504.2115564, 'amplitude_hz': 22652091.944539193, 'ramp_hz': 32371729.338241577}], 'track_type': 'dense'}",,,219.25577395900214,,,sim_00115,severe,0.17957047887242275,,,,,T8,edge,dense,freq_miscal,0.00021898838886880823,0.9998339110585426
,,,8190000000.0,332526.8568425457,True,"{'bias_db_min': -0.1, 'bias_db_max': -0.02}",,,,,"{'bands': [{'start_hz': 992512214.5969267, 'end_hz': 1438458418.68429, 'center_hz': 1215485316.6406083, 'width_hz': 445946204.08736324, 'amplitude_hz': np.float64(24553498.718981616), 'ramp_hz': 31673668.93376009}], 'track_type': 'hole'}",,,40.60156982204465,,,sim_00116,light,0.03325268568425457,,,,,T8,edge,hole,freq_miscal,4.0552055712505566e-05,0.9998662519689108
,,,8190000000.0,349760.25693240896,True,"{'bias_db_min': -0.1, 'bias_db_max': -0.02}",,,,,"{'bands': [], 'track_type': 'spike'}",,,42.70577007721721,,,sim_00117,light,0.034976025693240896,,,,,T8,in_spec_weak,spike,clock_drift,,
,,,,,True,"{'bias_db_min': -0.1, 'bias_db_max': -0.02}",,,,,"{'bands': [{'start_hz': 3151797570.649615, 'end_hz': 3571000958.582064, 'center_hz': 3361399264.6158395, 'width_hz': 419203387.9324493, 'amplitude_hz': 14771176.31850356, 'ramp_hz': 60441791.87436643}], 'track_type': 'dense'}",,,,,,sim_00118,light,,,,,,T8,edge,dense,lo_path_error,,
,,,8190000000.0,311996.75287693035,True,"{'bias_db_min': -0.1, 'bias_db_max': -0.02}",,,,,"{'bands': [{'start_hz': 446965062.50456446, 'end_hz': 748006780.4430878, 'center_hz': 597485921.4738262, 'width_hz': 301041717.9385234, 'amplitude_hz': 34404084.406095, 'ramp_hz': 95636650.2878548}, {'start_hz': 6856009424.511319, 'end_hz': 7060273989.378375, 'center_hz': 6958141706.944847, 'width_hz': 204264564.8670562, 'amplitude_hz': 5326251.117172998, 'ramp_hz': 95636650.2878548}], 'track_type': 'dense'}",,,38.09484162111482,,,sim_00119,light,0.031199675287693036,,,,,T8,in_spec_weak,dense,freq_miscal,3.804838449718663e-05,1.0003079214197113
,,,8190000000.0,1627640.362493553,True,"{'bias_db_min': -0.1, 'bias_db_max': -0.02}",,,,,"{'bands': [{'start_hz': 6164877400.671517, 'end_hz': 6838374053.120135, 'center_hz': 6501625726.895826, 'width_hz': 673496652.4486182, 'amplitude_hz': 43794750.629426524, 'ramp_hz': 39916907.959629916}], 'track_type': 'dense'}",,,198.7350869955498,,,sim_00120,mid,0.1627640362493553,,,,,T8,in_spec_weak,dense,clock_drift,,
,,,8190000000.0,-126762.28777084485,True,"{'bias_db_min': -0.1, 'bias_db_max': -0.02}",,,,,"{'bands': [], 'track_type': np.str_('spike')}",,,-15.47769081451097,,,sim_00121,light,-0.012676228777084485,,,,,T8,edge,spike,clock_drift,,
,,,8190000000.0,1022741.8542855137,True,"{'bias_db_min': -0.1, 'bias_db_max': -0.02}",,,,,"{'bands': [{'start_hz': 6502176975.277533, 'end_hz': 7389611947.177139, 'center_hz': 6945894461.227336, 'width_hz': 887434971.8996074, 'amplitude_hz': 39067721.33848078, 'ramp_hz': 103068963.50442389}], 'track_type': 'dense'}",,,124.87690528516652,,,sim_00122,mid,0.10227418542855138,,,,,T8,mild_oos,dense,freq_miscal,0.00012472461637628217,1.000102726675756
,,,,,True,"{'bias_db_min': -0.1, 'bias_db_max': -0.02}",,,,,"{'bands': [{'start_hz': 6316365207.490003, 'end_hz': 6718706030.666015, 'center_hz': 6517535619.078009, 'width_hz': 402340823.1760122, 'amplitude_hz': 38152678.50142073, 'ramp_hz': 40502549.30950111}], 'track_type': np.str_('dense')}",,,,,,sim_00123,light,,,,,,T8,edge,dense,lo_path_error,,
,,,8190000000.0,-635975.8443729489,True,"{'bias_db_min': -0.1, 'bias_db_max': -0.02}",,,,,"{'bands': [], 'track_type': 'spike'}",peak_freq mismatch too weak,,-77.6527282506653,,,sim_00124,mid,-0.06359758443729488,,,,,T8,edge,spike,freq_miscal,-7.755802980157912e-05,0.9995466281531609
,,,8190000000.0,337823.1029300402,True,"{'bias_db_min': -0.1, 'bias_db_max': -0.02}",,,,,"{'bands': [], 'track_type': 'spike'}",,,41.24824211600003,,,sim_00125,light,0.03378231029300402,,,,,T8,mild_oos,spike,clock_drift,,
,,,8190000000.0,-366271.41715184634,True,"{'bias_db_min': -0.1, 'bias_db_max': -0.02}",,,,,"{'bands': [{'start_hz': 4604089392.830914, 'end_hz': 5168592740.996767, 'center_hz': 4886341066.91384, 'width_hz': 564503348.165853, 'amplitude_hz': 34302001.45294919, 'ramp_hz': 32355335.584276456}], 'track_type': 'dense'}",,,-44.721784756025194,,,sim_00126,light,-0.036627141715184636,,,,,T8,in_spec_weak,dense,freq_miscal,-4.4667245994127606e-05,1.0003526781545886
,,,8190000000.0,-271679.7202783004,True,"{'bias_db_min': -0.1, 'bias_db_max': -0.02}",,,,,"{'bands': [], 'track_type': 'spike'}",peak_freq mismatch too weak,,-33.172127018107496,,,sim_00127,light,-0.02716797202783004,,,,,T8,mild_oos,spike,freq_miscal,-3.313167320467078e-05,1.0002702362347062
,,,,,True,"{'bias_db_min': -0.1, 'bias_db_max': -0.02}",,,,,"{'bands': [{'start_hz': 3257180095.706416, 'end_hz': 3551151444.1599092, 'center_hz': 3404165769.9331627, 'width_hz': 293971348.4534931, 'amplitude_hz': 42793104.22368479, 'ramp_hz': 49664335.11307222}], 'track_type': 'dense'}",,,,,,sim_00128,light,,,,,,T8,edge,dense,lo_path_error,,
,,,8190000000.0,-569675.0539176259,True,"{'bias_db_min': -0.1, 'bias_db_max': -0.02}",,,,,"{'bands': [{'start_hz': 3422857605.7508187, 'end_hz': 4091881686.07198, 'center_hz': 3757369645.9113994, 'width_hz': 669024080.3211616, 'amplitude_hz': np.float64(57611863.63088646), 'ramp_hz': 97151566.13609289}, {'start_hz': 938576180.5845197, 'end_hz': 1340878478.1756585, 'center_hz': 1139727329.380089, 'width_hz': 402302297.59113866, 'amplitude_hz': np.float64(-35169154.057738945), 'ramp_hz': 97151566.13609289}, {'start_hz': 2787951672.882883, 'end_hz': 3259947523.7485313, 'center_hz': 3023949598.315707, 'width_hz': 471995850.8656486, 'amplitude_hz': np.float64(-44148743.0514861), 'ramp_hz': 97151566.13609289}], 'track_type': np.str_('hole')}",,,-69.55739364073577,,,sim_00129,severe,-0.05696750539176259,,,,,T8,mild_oos,hole,freq_miscal,-6.947256755092999e-05,0.9997414994399553
,,,,,True,"{'bias_db_min': -0.1, 'bias_db_max': -0.02}",,,,,"{'bands': [], 'track_type': np.str_('spike')}",peak_freq mismatch too weak,,,,,sim_00130,severe,,,,,,T8,edge,spike,lo_path_error,,
,,,8190000000.0,1040785.5352071987,True,"{'bias_db_min': -0.1, 'bias_db_max': -0.02}",,,,,"{'bands': [{'start_hz': 5607636343.370991, 'end_hz': 6291285270.491383, 'center_hz': 5949460806.931187, 'width_hz': 683648927.120391, 'amplitude_hz': 15475982.941528205, 'ramp_hz': 70184693.17035869}, {'start_hz': 4064467660.503404, 'end_hz': 4867357253.272399, 'center_hz': 4465912456.887901, 'width_hz': 802889592.7689945, 'amplitude_hz': 8818103.204423869, 'ramp_hz': 70184693.17035869}, {'start_hz': 7102454982.283534, 'end_hz': 7500799036.496219, 'center_hz': 7301627009.389876, 'width_hz': 398344054.212684, 'amplitude_hz': 9343642.35169551, 'ramp_hz': 70184693.17035869}], 'track_type': np.str_('dense')}",,,127.08004092883989,,,sim_00131,mid,0.10407855352071987,,,,,T8,in_spec_weak,dense,freq_miscal,0.00012692506526917058,0.9995329265132972
,,,,,True,"{'bias_db_min': -0.1, 'bias_db_max': -0.02}",,,,,"{'bands': [{'start_hz': 2144849395.6969585, 'end_hz': 2623883632.392521, 'center_hz': 2384366514.0447397, 'width_hz': 479034236.6955621, 'amplitude_hz': 40876171.97851955, 'ramp_hz': 116250194.51347244}], 'track_type': 'dense'}",,,,,,sim_00132,mid,,,,,,T8,edge,dense,lo_path_error,,
,,,,,True,"{'bias_db_min': -0.1, 'bias_db_max': -0.02}",,,,,"{'bands': [{'start_hz': 4658328218.94378, 'end_hz': 5209646079.545733, 'center_hz': 4933987149.244757, 'width_hz': 551317860.6019543, 'amplitude_hz': np.float64(-69560499.70385009), 'ramp_hz': 110800510.04378669}, {'start_hz': 5848586205.040547, 'end_hz': 6188835860.221604, 'center_hz': 6018711032.631076, 'width_hz': 340249655.18105686, 'amplitude_hz': np.float64(17299463.07567256), 'ramp_hz': 110800510.04378669}], 'track_type': np.str_('hole')}",,,,,,sim_00133,mid,,,,,,T8,in_spec_weak,hole,lo_path_error,,
,,,8190000000.0,409500.0,True,"{'bias_db_min': -0.1, 'bias_db_max': -0.02}",,,,,"{'bands': [{'start_hz': 5526925407.429349, 'end_hz': 6033958112.9734335, 'center_hz': 5780441760.201391, 'width_hz': 507032705.54408437, 'amplitude_hz': np.float64(-38594240.97539936), 'ramp_hz': 102836838.43409148}, {'start_hz': 3513653234.951126, 'end_hz': 4175062019.917053, 'center_hz': 3844357627.4340897, 'width_hz': 661408784.9659269, 'amplitude_hz': np.float64(41693646.700134754), 'ramp_hz': 102836838.43409148}], 'track_type': np.str_('hole')}",,,50.0,,,sim_00134,severe,0.04095,,,,,T8,in_spec_weak,hole,clock_drift,,
,,,8190000000.0,1037088.7418955583,True,"{'bias_db_min': -0.1, 'bias_db_max': -0.02}",,,,,"{'bands': [], 'track_type': np.str_('spike')}",,,126.62866201410968,,,sim_00135,mid,0.10370887418955584,,,,,T8,in_spec_weak,spike,clock_drift,,
,,,,,True,"{'bias_db_min': -0.1, 'bias_db_max': -0.02}",,,,,"{'bands': [{'start_hz': 4435238559.192353, 'end_hz': 4659918300.269902, 'center_hz': 4547578429.731128, 'width_hz': 224679741.0775493, 'amplitude_hz': 46976238.59097804, 'ramp_hz': 105689595.35182673}, {'start_hz': 6078957999.454021, 'end_hz': 6596345608.475222, 'center_hz': 6337651803.964622, 'width_hz': 517387609.0211996, 'amplitude_hz': 6682157.626211016, 'ramp_hz': 105689595.35182673}], 'track_type': np.str_('dense')}",,,,,,sim_00136,light,,,,,,T8,in_spec_weak,dense,lo_path_error,,
,,,,,True,"{'bias_db_min': -0.1, 'bias_db_max': -0.02}",,,,,"{'bands': [{'start_hz': 4103463490.3840747, 'end_hz': 4922583338.070709, 'center_hz': 4513023414.227392, 'width_hz': 819119847.6866349, 'amplitude_hz': 11692001.949084006, 'ramp_hz': 66252425.420743145}], 'track_type': np.str_('dense')}",,,,,,sim_00137,mid,,,,,,T8,mild_oos,dense,lo_path_error,,
,,,,,True,"{'bias_db_min': -0.1, 'bias_db_max': -0.02}",,,,,"{'bands': [{'start_hz': 865659968.4058983, 'end_hz': 1621703160.446225, 'center_hz': 1243681564.4260616, 'width_hz': 756043192.0403266, 'amplitude_hz': np.float64(44481056.51837717), 'ramp_hz': 47528094.613324165}, {'start_hz': 6584284887.232317, 'end_hz': 6878858268.362663, 'center_hz': 6731571577.79749, 'width_hz': 294573381.1303468, 'amplitude_hz': np.float64(28844481.82616014), 'ramp_hz': 47528094.613324165}, {'start_hz': 2855174877.9367404, 'end_hz': 3249336067.091331, 'center_hz': 3052255472.5140357, 'width_hz': 394161189.1545906, 'amplitude_hz': np.float64(-20683756.058982536), 'ramp_hz': 47528094.613324165}], 'track_type': 'hole'}",,,,,,sim_00138,mid,,,,,,T8,edge,hole,lo_path_error,,
,,,,,True,"{'bias_db_min': -0.1, 'bias_db_max': -0.02}",,,,,"{'bands': [{'start_hz': 3624527959.3491592, 'end_hz': 4514252569.190192, 'center_hz': 4069390264.2696757, 'width_hz': 889724609.8410326, 'amplitude_hz': 23899440.408494197, 'ramp_hz': 52714578.992234394}, {'start_hz': 7349225221.88455, 'end_hz': 8200000000.0, 'center_hz': 7845979189.355643, 'width_hz': 993507934.9421856, 'amplitude_hz': 43146670.11234907, 'ramp_hz': 52714578.992234394}, {'start_hz': 5532743426.771945, 'end_hz': 6541205440.599498, 'center_hz': 6036974433.685721, 'width_hz': 1008462013.8275534, 'amplitude_hz': 20031060.09150677, 'ramp_hz': 52714578.992234394}, {'start_hz': 1135793448.4787512, 'end_hz': 2222478311.3518023, 'center_hz': 1679135879.9152768, 'width_hz': 1086684862.8730512, 'amplitude_hz': 16203779.005395083, 'ramp_hz': 52714578.992234394}], 'track_type': np.str_('dense')}",,,,,,sim_00139,severe,,,,,,T8,edge,dense,lo_path_error,,
,,,8190000000.0,476710.9442114575,True,"{'bias_db_min': -0.1, 'bias_db_max': -0.02}",,,,,"{'bands': [{'start_hz': 7274583259.048311, 'end_hz': 7926666055.2491665, 'center_hz': 7600624657.148739, 'width_hz': 652082796.2008553, 'amplitude_hz': 8045523.526159508, 'ramp_hz': 53323804.68715317}], 'track_type': 'dense'}",,,58.20646449468346,,,sim_00140,mid,0.04767109442114575,,,,,T8,edge,dense,clock_drift,,
,,,8190000000.0,-65520.00000000001,True,"{'bias_db_min': -0.1, 'bias_db_max': -0.02}",,,,,"{'bands': [], 'track_type': 'spike'}",peak_freq mismatch too weak,,-8.000000000000002,,,sim_00141,light,-0.0065520000000000005,,,,,T8,edge,spike,freq_miscal,-7.990243902439025e-06,0.999815454164753
,,,8190000000.0,464886.73065350484,True,"{'bias_db_min': -0.1, 'bias_db_max': -0.02}",,,,,"{'bands': [{'start_hz': 4595937310.948672, 'end_hz': 5160900793.173459, 'center_hz': 4878419052.061066, 'width_hz': 564963482.2247871, 'amplitude_hz': 15606333.708334403, 'ramp_hz': 54432423.20825808}], 'track_type': 'dense'}",,,56.762726575519515,,,sim_00142,light,0.04648867306535048,,,,,T8,in_spec_weak,dense,freq_miscal,5.6693503738232294e-05,0.9995518563493497
,,,,,True,"{'bias_db_min': -0.1, 'bias_db_max': -0.02}",,,,,"{'bands': [{'start_hz': 2656850778.9091754, 'end_hz': 3360015948.29522, 'center_hz': 3008433363.6021976, 'width_hz': 703165169.3860445, 'amplitude_hz': np.float64(34772838.492527574), 'ramp_hz': 49642503.43431193}, {'start_hz': 6524170805.90879, 'end_hz': 6959687777.889564, 'center_hz': 6741929291.899177, 'width_hz': 435516971.98077303, 'amplitude_hz': np.float64(58610749.929033674), 'ramp_hz': 49642503.43431193}], 'track_type': np.str_('hole')}",,,,,,sim_00143,mid,,,,,,T8,in_spec_weak,hole,lo_path_error,,
,,,8190000000.0,1443840.5558046577,True,"{'bias_db_min': -0.1, 'bias_db_max': -0.02}",,,,,"{'bands': [{'start_hz': 5174526601.3642845, 'end_hz': 6001290770.969038, 'center_hz': 5587908686.166661, 'width_hz': 826764169.6047528, 'amplitude_hz': 21946097.515089545, 'ramp_hz': 89601125.30245775}], 'track_type': 'dense'}",,,176.29310815685687,,,sim_00144,mid,0.14438405558046577,,,,,T8,mild_oos,dense,clock_drift,,
,,,8190000000.0,-171156.64737148109,True,"{'bias_db_min': -0.1, 'bias_db_max': -0.02}",,,,,"{'bands': [], 'track_type': np.str_('spike')}",peak_freq mismatch too weak,,-20.89824754230538,,,sim_00145,light,-0.01711566473714811,,,,,T8,in_spec_weak,spike,freq_miscal,-2.0872761874570864e-05,0.999799922106891
,,,,,True,"{'bias_db_min': -0.1, 'bias_db_max': -0.02}",,,,,"{'bands': [], 'track_type': 'spike'}",peak_freq mismatch too weak,,,,,sim_00146,mid,,,,,,T8,in_spec_weak,spike,lo_path_error,,
,,,,,True,"{'bias_db_min': -0.1, 'bias_db_max': -0.02}",,,,,"{'bands': [{'start_hz': 7661864654.742764, 'end_hz': 8121522489.022943, 'center_hz': 7891693571.8828535, 'width_hz': 459657834.2801784, 'amplitude_hz': np.float64(21784687.54242204), 'ramp_hz': 89582464.02172542}, {'start_hz': 2963515579.7092123, 'end_hz': 3497308060.1737766, 'center_hz': 3230411819.9414945, 'width_hz': 533792480.4645639, 'amplitude_hz': np.float64(-37168209.57204457), 'ramp_hz': 89582464.02172542}, {'start_hz': 1524089272.1896853, 'end_hz': 2262372245.870053, 'center_hz': 1893230759.029869, 'width_hz': 738282973.6803675, 'amplitude_hz': np.float64(-54523764.59868399), 'ramp_hz': 89582464.02172542}], 'track_type': np.str_('hole')}",,,,,,sim_00147,mid,,,,,,T8,edge,hole,lo_path_error,,
,,,8190000000.0,557339.8804294026,True,"{'bias_db_min': -0.1, 'bias_db_max': -0.02}",,,,,"{'bands': [{'start_hz': 6365894655.728491, 'end_hz': 6577614616.885405, 'center_hz': 6471754636.306948, 'width_hz': 211719961.15691337, 'amplitude_hz': 40261714.44672826, 'ramp_hz': 68055422.90278822}], 'track_type': 'dense'}",,,68.05126745169751,,,sim_00148,light,0.05573398804294026,,,,,T8,in_spec_weak,dense,clock_drift,,
,,,8190000000.0,-65520.00000000001,True,"{'bias_db_min': -0.1, 'bias_db_max': -0.02}",,,,,"{'bands': [], 'track_type': 'spike'}",peak_freq mismatch too weak,,-8.000000000000002,,,sim_00149,light,-0.0065520000000000005,,,,,T8,mild_oos,spike,freq_miscal,-7.990243902439025e-06,1.0002754634792144
,,,8190000000.0,-1241563.1908363511,True,"{'bias_db_min': -0.1, 'bias_db_max': -0.02}",,,,,"{'bands': [{'start_hz': 6055543098.30378, 'end_hz': 6594889138.627449, 'center_hz': 6325216118.465614, 'width_hz': 539346040.3236687, 'amplitude_hz': 45653906.65562854, 'ramp_hz': 83599954.8444564}, {'start_hz': 1530810685.4622467, 'end_hz': 2047353126.1994383, 'center_hz': 1789081905.8308425, 'width_hz': 516542440.7371918, 'amplitude_hz': 33653886.34706481, 'ramp_hz': 83599954.8444564}, {'start_hz': 622546985.8721658, 'end_hz': 888081618.3674625, 'center_hz': 755314302.1198142, 'width_hz': 265534632.49529666, 'amplitude_hz': 6878737.511400448, 'ramp_hz': 83599954.8444564}], 'track_type': np.str_('dense')}",,,-151.59501719613564,,,sim_00150,mid,-0.12415631908363511,,,,,T8,mild_oos,dense,freq_miscal,-0.00015141014522394527,1.0001350136627711
,,,8190000000.0,-359359.6166122318,True,"{'bias_db_min': -0.1, 'bias_db_max': -0.02}",,,,,"{'bands': [{'start_hz': 2662919922.074495, 'end_hz': 2825195108.57523, 'center_hz': 2744057515.3248625, 'width_hz': 162275186.50073493, 'amplitude_hz': np.float64(-48342990.355951026), 'ramp_hz': 52279550.80630073}], 'track_type': np.str_('hole')}",peak_freq mismatch too weak,,-43.877853066206576,,,sim_00151,light,-0.03593596166122318,,,,,T8,edge,hole,freq_miscal,-4.382434348929656e-05,0.99965280086924
,,,8190000000.0,-594863.7006246896,True,"{'bias_db_min': -0.1, 'bias_db_max': -0.02}",,,,,"{'bands': [], 'track_type': 'spike'}",,,-72.63293047920507,,,sim_00152,severe,-0.05948637006246896,,,,,T8,in_spec_weak,spike,clock_drift,,
,,,8190000000.0,196489.45924667938,True,"{'bias_db_min': -0.1, 'bias_db_max': -0.02}",,,,,"{'bands': [{'start_hz': 7225284623.007509, 'end_hz': 7545517575.399002, 'center_hz': 7385401099.203256, 'width_hz': 320232952.3914931, 'amplitude_hz': 36511890.30383825, 'ramp_hz': 107435784.27730942}], 'track_type': 'dense'}",,,23.991386965406516,,,sim_00153,light,0.019648945924667937,,,,,T8,in_spec_weak,dense,freq_miscal,2.3962129176424313e-05,1.0004330566067683
,,,8190000000.0,-314604.0442942535,True,"{'bias_db_min': -0.1, 'bias_db_max': -0.02}",,,,,"{'bands': [{'start_hz': 846447997.7489302, 'end_hz': 1194185902.8380315, 'center_hz': 1020316950.2934809, 'width_hz': 347737905.0891014, 'amplitude_hz': 20207400.866790716, 'ramp_hz': 119082848.04835775}, {'start_hz': 5181608615.305071, 'end_hz': 5468425833.627714, 'center_hz': 5325017224.4663925, 'width_hz': 286817218.32264394, 'amplitude_hz': 29552425.09639203, 'ramp_hz': 119082848.04835775}], 'track_type': np.str_('dense')}",,,-38.413192221520575,,,sim_00154,light,-0.031460404429425354,,,,,T8,in_spec_weak,dense,clock_drift,,
,,,8190000000.0,-1193317.8165805025,True,"{'bias_db_min': -0.1, 'bias_db_max': -0.02}",,,,,"{'bands': [], 'track_type': np.str_('spike')}",,,-145.70425110873046,,,sim_00155,mid,-0.11933178165805025,,,,,T8,edge,spike,clock_drift,,
,,,8190000000.0,274293.13948925823,True,"{'bias_db_min': -0.1, 'bias_db_max': -0.02}",,,,,"{'bands': [{'start_hz': 4732971808.413164, 'end_hz': 5125869509.351934, 'center_hz': 4929420658.882549, 'width_hz': 392897700.93877006, 'amplitude_hz': np.float64(38271373.37769379), 'ramp_hz': 42048238.57582012}], 'track_type': np.str_('hole')}",,,33.49122582286426,,,sim_00156,light,0.027429313948925824,,,,,T8,edge,hole,freq_miscal,3.3450382864543685e-05,0.9995312642257549
,,,8190000000.0,-262798.5435822316,True,"{'bias_db_min': -0.1, 'bias_db_max': -0.02}",,,,,"{'bands': [{'start_hz': 1211803175.0222936, 'end_hz': 1426419899.9574828, 'center_hz': 1319111537.4898882, 'width_hz': 214616724.93518913, 'amplitude_hz': np.float64(-33488515.721497968), 'ramp_hz': 47587061.651876524}, {'start_hz': 564095198.1004252, 'end_hz': 981921552.3497338, 'center_hz': 773008375.2250795, 'width_hz': 417826354.2493087, 'amplitude_hz': np.float64(-36398792.82486633), 'ramp_hz': 47587061.651876524}], 'track_type': 'hole'}",,,-32.08773425912474,,,sim_00157,light,-0.02627985435822316,,,,,T8,in_spec_weak,hole,freq_miscal,-3.20486028758819e-05,0.9996645901607422
,,,8190000000.0,-1164702.0826327037,True,"{'bias_db_min': -0.1, 'bias_db_max': -0.02}",,,,,"{'bands': [], 'track_type': 'spike'}",peak_freq mismatch too weak,,-142.21026649971964,,,sim_00158,mid,-0.11647020826327037,,,,,T8,edge,spike,freq_miscal,-0.00014203683934545168,0.9998147665290851
,,,8190000000.0,406289.3022640366,True,"{'bias_db_min': -0.1, 'bias_db_max': -0.02}",,,,,"{'bands': [{'start_hz': 4264166205.664576, 'end_hz': 4857800352.5420475, 'center_hz': 4560983279.103312, 'width_hz': 593634146.8774712, 'amplitude_hz': 22496746.899239015, 'ramp_hz': 48564447.898257226}], 'track_type': np.str_('dense')}",,,49.607973414412285,,,sim_00159,light,0.04062893022640366,,,,,T8,in_spec_weak,dense,freq_miscal,4.954747588585812e-05,1.0003702085740123
,,,,,True,"{'bias_db_min': -0.1, 'bias_db_max': -0.02}",,,,,"{'bands': [{'start_hz': 5719667013.009699, 'end_hz': 6400595886.068254, 'center_hz': 6060131449.538977, 'width_hz': 680928873.0585566, 'amplitude_hz': np.float64(-18607000.974167123), 'ramp_hz': 73581662.02949661}, {'start_hz': 7223111089.135245, 'end_hz': 7685504850.542705, 'center_hz': 7454307969.838975, 'width_hz': 462393761.40745914, 'amplitude_hz': np.float64(54199181.588685535), 'ramp_hz': 73581662.02949661}], 'track_type': 'hole'}",,,,,,sim_00160,mid,,,,,,T8,in_spec_weak,hole,lo_path_error,,
,,,,,True,"{'bias_db_min': -0.1, 'bias_db_max': -0.02}",,,,,"{'bands': [{'start_hz': 1837599269.4332414, 'end_hz': 2381041862.2809854, 'center_hz': 2109320565.8571134, 'width_hz': 543442592.847744, 'amplitude_hz': np.float64(-45041167.71528906), 'ramp_hz': 93595886.53897026}], 'track_type': 'hole'}",,,,,,sim_00161,light,,,,,,T8,edge,hole,lo_path_error,,
,,,,,True,"{'bias_db_min': -0.1, 'bias_db_max': -0.02}",,,,,"{'bands': [{'start_hz': 4793801287.705892, 'end_hz': 5327100864.713904, 'center_hz': 5060451076.209898, 'width_hz': 533299577.0080122, 'amplitude_hz': np.float64(63903411.409112774), 'ramp_hz': 79303053.922845}], 'track_type': np.str_('hole')}",,,,,,sim_00162,light,,,,,,T8,in_spec_weak,hole,lo_path_error,,
,,,8190000000.0,2599061.02890226,True,"{'bias_db_min': -0.1, 'bias_db_max': -0.02}",,,,,"{'bands': [{'start_hz': 3671424548.4486184, 'end_hz': 4462792607.800587, 'center_hz': 4067108578.1246023, 'width_hz': 791368059.351968, 'amplitude_hz': np.float64(52631279.24078608), 'ramp_hz': 82493355.00610876}, {'start_hz': 6944572687.406773, 'end_hz': 7834952081.8861885, 'center_hz': 7389762384.646481, 'width_hz': 890379394.4794153, 'amplitude_hz': np.float64(-41574115.73939697), 'ramp_hz': 82493355.00610876}, {'start_hz': 2236337664.292009, 'end_hz': 3323449425.28643, 'center_hz': 2779893544.7892194, 'width_hz': 1087111760.9944208, 'amplitude_hz': np.float64(-16017735.275119413), 'ramp_hz': 82493355.00610876}], 'track_type': 'hole'}",,,317.3456689746349,,,sim_00163,severe,0.25990610289022603,,,,,T8,in_spec_weak,hole,freq_miscal,0.00031695866206125125,1.0004016495527221
,,,8190000000.0,-867970.3803014916,True,"{'bias_db_min': -0.1, 'bias_db_max': -0.02}",,,,,"{'bands': [], 'track_type': 'spike'}",peak_freq mismatch too weak,,-105.97928941410154,,,sim_00164,mid,-0.08679703803014915,,,,,T8,in_spec_weak,spike,freq_miscal,-0.00010585004637823068,0.9997045767242957
,,,8190000000.0,494247.3071916678,True,"{'bias_db_min': -0.1, 'bias_db_max': -0.02}",,,,,"{'bands': [], 'track_type': 'spike'}",peak_freq mismatch too weak,,60.347656555759194,,,sim_00165,light,0.04942473071916678,,,,,T8,edge,spike,freq_miscal,6.027406185264242e-05,1.0001684426078836
,,,8190000000.0,-479757.0336951174,True,"{'bias_db_min': -0.1, 'bias_db_max': -0.02}",,,,,"{'bands': [{'start_hz': 2146836181.0954828, 'end_hz': 2467178354.2502947, 'center_hz': 2307007267.6728888, 'width_hz': 320342173.1548117, 'amplitude_hz': np.float64(-56021138.816537425), 'ramp_hz': 48482947.217865914}, {'start_hz': 6393950768.386311, 'end_hz': 6893154009.2302, 'center_hz': 6643552388.808255, 'width_hz': 499203240.8438884, 'amplitude_hz': np.float64(-37680681.32454859), 'ramp_hz': 48482947.217865914}], 'track_type': np.str_('hole')}",,,-58.57839239256623,,,sim_00166,light,-0.04797570336951174,,,,,T8,mild_oos,hole,clock_drift,,
,,,8190000000.0,-456983.8744130617,True,"{'bias_db_min': -0.1, 'bias_db_max': -0.02}",,,,,"{'bands': [{'start_hz': 2518972017.338872, 'end_hz': 2929744650.419263, 'center_hz': 2724358333.8790674, 'width_hz': 410772633.08039117, 'amplitude_hz': np.float64(-66851951.39749381), 'ramp_hz': 90060212.08834046}], 'track_type': 'hole'}",,,-55.7977868636217,,,sim_00167,light,-0.04569838744130617,,,,,T8,mild_oos,hole,freq_miscal,-5.57297407820807e-05,1.000173041461048
,,,8190000000.0,231035.63240910906,True,"{'bias_db_min': -0.1, 'bias_db_max': -0.02}",,,,,"{'bands': [], 'track_type': np.str_('spike')}",,,28.209478926631142,,,sim_00168,light,0.023103563240910906,,,,,T8,edge,spike,clock_drift,,
,,,8190000000.0,1471452.8941487814,True,"{'bias_db_min': -0.1, 'bias_db_max': -0.02}",,,,,"{'bands': [{'start_hz': 2459907386.6297803, 'end_hz': 3202471123.853802, 'center_hz': 2831189255.2417912, 'width_hz': 742563737.2240222, 'amplitude_hz': 18689573.50448537, 'ramp_hz': 112572913.1772915}, {'start_hz': 4909171092.519093, 'end_hz': 5650921581.289625, 'center_hz': 5280046336.904359, 'width_hz': 741750488.7705321, 'amplitude_hz': 12304294.292022465, 'ramp_hz': 112572913.1772915}], 'track_type': 'dense'}",,,179.66457804014428,,,sim_00169,mid,0.14714528941487814,,,,,T8,edge,dense,freq_miscal,0.00017944547489619285,1.0004620828289883
,,,,,True,"{'bias_db_min': -0.1, 'bias_db_max': -0.02}",,,,,"{'bands': [], 'track_type': 'spike'}",peak_freq mismatch too weak,,,,,sim_00170,mid,,,,,,T8,in_spec_weak,spike,lo_path_error,,
,,,,,True,"{'bias_db_min': -0.1, 'bias_db_max': -0.02}",,,,,"{'bands': [{'start_hz': 2356803692.7886662, 'end_hz': 2931160419.7428527, 'center_hz': 2643982056.2657595, 'width_hz': 574356726.9541862, 'amplitude_hz': np.float64(38423234.24111429), 'ramp_hz': 116426198.15983398}], 'track_type': 'hole'}",,,,,,sim_00171,mid,,,,,,T8,in_spec_weak,hole,lo_path_error,,
,,,,,True,"{'bias_db_min': -0.1, 'bias_db_max': -0.02}",,,,,"{'bands': [], 'track_type': 'spike'}",peak_freq mismatch too weak,,,,,sim_00172,mid,,,,,,T8,edge,spike,lo_path_error,,
,,,8190000000.0,-3530960.790858297,True,"{'bias_db_min': -0.1, 'bias_db_max': -0.02}",,,,,"{'bands': [], 'track_type': 'spike'}",,,-431.13074369454176,,,sim_00173,severe,-0.35309607908582974,,,,,T8,edge,spike,clock_drift,,
,,,8190000000.0,-1554064.1798215692,True,"{'bias_db_min': -0.1, 'bias_db_max': -0.02}",,,,,"{'bands': [], 'track_type': np.str_('spike')}",,,-189.75142610763973,,,sim_00174,severe,-0.15540641798215693,,,,,T8,in_spec_weak,spike,clock_drift,,
,,,8190000000.0,-248692.85523880747,True,"{'bias_db_min': -0.1, 'bias_db_max': -0.02}",,,,,"{'bands': [{'start_hz': 4955854406.179238, 'end_hz': 5243056597.790393, 'center_hz': 5099455501.984816, 'width_hz': 287202191.6111545, 'amplitude_hz': np.float64(67818700.78122595), 'ramp_hz': 115678186.93402965}, {'start_hz': 2273132505.0970645, 'end_hz': 2557697925.6048427, 'center_hz': 2415415215.3509536, 'width_hz': 284565420.5077785, 'amplitude_hz': np.float64(19326893.511712603), 'ramp_hz': 115678186.93402965}], 'track_type': 'hole'}",,,-30.36542799008638,,,sim_00175,light,-0.02486928552388075,,,,,T8,in_spec_weak,hole,clock_drift,,
,,,8190000000.0,-267975.38164047926,True,"{'bias_db_min': -0.1, 'bias_db_max': -0.02}",,,,,"{'bands': [{'start_hz': 6316816090.577902, 'end_hz': 6812461345.904554, 'center_hz': 6564638718.241228, 'width_hz': 495645255.3266524, 'amplitude_hz': 12697292.903236795, 'ramp_hz': 61295368.19398904}], 'track_type': 'dense'}",,,-32.719826818129334,,,sim_00176,light,-0.026797538164047927,,,,,T8,mild_oos,dense,clock_drift,,
,,,8190000000.0,-414636.260112554,True,"{'bias_db_min': -0.1, 'bias_db_max': -0.02}",,,,,"{'bands': [{'start_hz': 6994681900.229214, 'end_hz': 7516215771.743195, 'center_hz': 7255448835.986204, 'width_hz': 521533871.5139806, 'amplitude_hz': np.float64(-48832675.67047867), 'ramp_hz': 41863493.548512414}], 'track_type': np.str_('hole')}",,,-50.62713798688083,,,sim_00177,light,-0.0414636260112554,,,,,T8,in_spec_weak,hole,freq_miscal,-5.056539757470171e-05,0.9995500250578652
,,,8190000000.0,569019.5512797373,True,"{'bias_db_min': -0.1, 'bias_db_max': -0.02}",,,,,"{'bands': [{'start_hz': 7230570222.304849, 'end_hz': 7432989522.585996, 'center_hz': 7331779872.445422, 'width_hz': 202419300.28114614, 'amplitude_hz': 36420319.361619234, 'ramp_hz': 96992887.63801995}], 'track_type': np.str_('dense')}",peak_freq mismatch too weak,,69.4773566886126,,,sim_00178,light,0.056901955127973726,,,,,T8,in_spec_weak,dense,freq_miscal,6.9392628204846e-05,1.0001287104125383
,,,8190000000.0,-162610.89837079952,True,"{'bias_db_min': -0.1, 'bias_db_max': -0.02}",,,,,"{'bands': [{'start_hz': 434612304.24662507, 'end_hz': 888356186.2326058, 'center_hz': 661484245.2396154, 'width_hz': 453743881.98598075, 'amplitude_hz': np.float64(-46622645.64824261), 'ramp_hz': 61588404.514118366}], 'track_type': 'hole'}",,,-19.85481054588517,,,sim_00179,light,-0.016261089837079953,,,,,T8,edge,hole,clock_drift,,
,,,8190000000.0,-2390170.6454172446,True,"{'bias_db_min': -0.1, 'bias_db_max': -0.02}",,,,,"{'bands': [{'start_hz': 907060580.2468941, 'end_hz': 1870115885.1094062, 'center_hz': 1388588232.6781502, 'width_hz': 963055304.862512, 'amplitude_hz': 34318784.196626656, 'ramp_hz': 82191618.5715601}, {'start_hz': 5680536499.771807, 'end_hz': 6212596490.244816, 'center_hz': 5946566495.008311, 'width_hz': 532059990.4730098, 'amplitude_hz': 23963793.250458643, 'ramp_hz': 82191618.5715601}], 'track_type': np.str_('dense')}",,,-291.8401276455732,,,sim_00180,severe,-0.23901706454172447,,,,,T8,mild_oos,dense,clock_drift,,
,,,8190000000.0,-381787.5273199372,True,"{'bias_db_min': -0.1, 'bias_db_max': -0.02}",,,,,"{'bands': [], 'track_type': 'spike'}",peak_freq mismatch too weak,,-46.61630370206803,,,sim_00181,light,-0.03817875273199372,,,,,T8,in_spec_weak,spike,freq_miscal,-4.6559454551211855e-05,1.000469774557082
,,,,,True,"{'bias_db_min': -0.1, 'bias_db_max': -0.02}",,,,,"{'bands': [], 'track_type': 'spike'}",peak_freq mismatch too weak,,,,,sim_00182,light,,,,,,T8,in_spec_weak,spike,lo_path_error,,
,,,,,True,"{'bias_db_min': -0.1, 'bias_db_max': -0.02}",,,,,"{'bands': [{'start_hz': 7010944811.1994, 'end_hz': 7327415257.640617, 'center_hz': 7169180034.420009, 'width_hz': 316470446.4412178, 'amplitude_hz': np.float64(40042884.52678847), 'ramp_hz': 54765306.991216004}], 'track_type': 'hole'}",,,,,,sim_00183,mid,,,,,,T8,in_spec_weak,hole,lo_path_error,,
,,,8190000000.0,-984679.0615848831,True,"{'bias_db_min': -0.1, 'bias_db_max': -0.02}",,,,,"{'bands': [{'start_hz': 3240859964.3723583, 'end_hz': 4128745147.42883, 'center_hz': 3684802555.900594, 'width_hz': 887885183.0564715, 'amplitude_hz': np.float64(58430338.15568646), 'ramp_hz': 47812301.04664828}, {'start_hz': 225059285.34247947, 'end_hz': 527198321.56498885, 'center_hz': 376128803.45373416, 'width_hz': 302139036.2225094, 'amplitude_hz': np.float64(46265113.761250496), 'ramp_hz': 47812301.04664828}], 'track_type': 'hole'}",,,-120.22943364894788,,,sim_00184,mid,-0.09846790615848831,,,,,T8,mild_oos,hole,freq_miscal,-0.00012008281238840039,1.000292975083282
,,,8190000000.0,-163800.0,True,"{'bias_db_min': -0.1, 'bias_db_max': -0.02}",,,,,"{'bands': [], 'track_type': 'spike'}",peak_freq mismatch too weak,,-20.0,,,sim_00185,mid,-0.01638,,,,,T8,in_spec_weak,spike,freq_miscal,-1.997560975609756e-05,0.9996761804692834
,,,8190000000.0,622011.5788095202,True,"{'bias_db_min': -0.1, 'bias_db_max': -0.02}",,,,,"{'bands': [{'start_hz': 5657929030.03022, 'end_hz': 6003472109.416233, 'center_hz': 5830700569.723227, 'width_hz': 345543079.3860129, 'amplitude_hz': 41215939.63479685, 'ramp_hz': 97372946.80031848}], 'track_type': np.str_('dense')}",,,75.94768972033214,,,sim_00186,light,0.06220115788095202,,,,,T8,in_spec_weak,dense,freq_miscal,7.585507058652686e-05,0.9997073268342812
,,,,,True,"{'bias_db_min': -0.1, 'bias_db_max': -0.02}",,,,,"{'bands': [{'start_hz': 2156296818.4120054, 'end_hz': 2815697036.789771, 'center_hz': 2485996927.6008883, 'width_hz': 659400218.3777659, 'amplitude_hz': 25165962.677727036, 'ramp_hz': 65257778.25383051}, {'start_hz': 6141075034.706672, 'end_hz': 6961321944.181409, 'center_hz': 6551198489.44404, 'width_hz': 820246909.4747363, 'amplitude_hz': 49478693.33989124, 'ramp_hz': 65257778.25383051}, {'start_hz': 5474595138.077188, 'end_hz': 5996673160.668841, 'center_hz': 5735634149.373014, 'width_hz': 522078022.59165335, 'amplitude_hz': 17863439.934403002, 'ramp_hz': 65257778.25383051}], 'track_type': np.str_('dense')}",,,,,,sim_00187,mid,,,,,,T8,in_spec_weak,dense,lo_path_error,,
,,,,,True,"{'bias_db_min': -0.1, 'bias_db_max': -0.02}",,,,,"{'bands': [{'start_hz': 7717892595.452738, 'end_hz': 8033611240.905121, 'center_hz': 7875751918.178929, 'width_hz': 315718645.45238256, 'amplitude_hz': np.float64(67210013.0700867), 'ramp_hz': 63549397.4563042}, {'start_hz': 782758153.507154, 'end_hz': 1256314422.1768255, 'center_hz': 1019536287.8419898, 'width_hz': 473556268.6696714, 'amplitude_hz': np.float64(-38144231.15812247), 'ramp_hz': 63549397.4563042}], 'track_type': np.str_('hole')}",,,,,,sim_00188,light,,,,,,T8,mild_oos,hole,lo_path_error,,
,,,8190000000.0,638730.417374464,True,"{'bias_db_min': -0.1, 'bias_db_max': -0.02}",,,,,"{'bands': [{'start_hz': 6248779556.745198, 'end_hz': 6580199001.076695, 'center_hz': 6414489278.910947, 'width_hz': 331419444.3314978, 'amplitude_hz': 40776735.43194604, 'ramp_hz': 68882755.7608796}], 'track_type': 'dense'}",,,77.989061950484,,,sim_00189,light,0.0638730417374464,,,,,T8,in_spec_weak,dense,freq_miscal,7.789395333834927e-05,0.9999051049058486
,,,,,True,"{'bias_db_min': -0.1, 'bias_db_max': -0.02}",,,,,"{'bands': [{'start_hz': 3038701986.165308, 'end_hz': 3310863360.0358267, 'center_hz': 3174782673.1005673, 'width_hz': 272161373.8705182, 'amplitude_hz': 19243882.530869987, 'ramp_hz': 37816268.0867918}, {'start_hz': 3744796968.282658, 'end_hz': 3984957434.0311103, 'center_hz': 3864877201.156884, 'width_hz': 240160465.74845198, 'amplitude_hz': 12712435.230389832, 'ramp_hz': 37816268.0867918}], 'track_type': 'dense'}",,,,,,sim_00190,light,,,,,,T8,in_spec_weak,dense,lo_path_error,,
,,,,,True,"{'bias_db_min': -0.1, 'bias_db_max': -0.02}",,,,,"{'bands': [{'start_hz': 2472984866.702423, 'end_hz': 3046700331.243598, 'center_hz': 2759842598.9730105, 'width_hz': 573715464.5411748, 'amplitude_hz': np.float64(58613647.445404276), 'ramp_hz': 63536186.58588196}, {'start_hz': 4961944847.285558, 'end_hz': 5818768157.692409, 'center_hz': 5390356502.488983, 'width_hz': 856823310.4068515, 'amplitude_hz': np.float64(68847940.64201196), 'ramp_hz': 63536186.58588196}, {'start_hz': 1601219891.7229166, 'end_hz': 2429278259.84036, 'center_hz': 2015249075.7816384, 'width_hz': 828058368.1174433, 'amplitude_hz': np.float64(-59872979.40178121), 'ramp_hz': 63536186.58588196}], 'track_type': 'hole'}",,,,,,sim_00191,mid,,,,,,T8,in_spec_weak,hole,lo_path_error,,
,,,8190000000.0,154712.49153562394,True,"{'bias_db_min': -0.1, 'bias_db_max': -0.02}",,,,,"{'bands': [{'start_hz': 2369997464.312753, 'end_hz': 2848592112.7084336, 'center_hz': 2609294788.5105934, 'width_hz': 478594648.3956802, 'amplitude_hz': np.float64(-22978733.067997646), 'ramp_hz': 66053832.272200115}], 'track_type': 'hole'}",,,18.890414106913788,,,sim_00192,light,0.015471249153562393,,,,,T8,edge,hole,freq_miscal,1.8867377016539503e-05,0.9998043924260617
,,,8190000000.0,205222.2560407723,True,"{'bias_db_min': -0.1, 'bias_db_max': -0.02}",,,,,"{'bands': [{'start_hz': 2230995675.6878495, 'end_hz': 2697558010.039388, 'center_hz': 2464276842.863619, 'width_hz': 466562334.3515386, 'amplitude_hz': np.float64(15365753.075728055), 'ramp_hz': 37223061.633958444}, {'start_hz': 5386301877.793472, 'end_hz': 5949264335.797888, 'center_hz': 5667783106.79568, 'width_hz': 562962458.0044162, 'amplitude_hz': np.float64(-69458854.97820154), 'ramp_hz': 37223061.633958444}], 'track_type': 'hole'}",,,25.057662520240818,,,sim_00193,light,0.02052222560407723,,,,,T8,edge,hole,freq_miscal,2.5027104395216134e-05,0.9996262188008377
,,,8190000000.0,302509.7521425701,True,"{'bias_db_min': -0.1, 'bias_db_max': -0.02}",,,,,"{'bands': [{'start_hz': 5520480581.514659, 'end_hz': 5906443096.716441, 'center_hz': 5713461839.11555, 'width_hz': 385962515.20178205, 'amplitude_hz': np.float64(-62768256.16867377), 'ramp_hz': 39347931.523383364}], 'track_type': np.str_('hole')}",,,36.93647767308548,,,sim_00194,light,0.03025097521425701,,,,,T8,in_spec_weak,hole,clock_drift,,
,,,,,True,"{'bias_db_min': -0.1, 'bias_db_max': -0.02}",,,,,"{'bands': [], 'track_type': np.str_('spike')}",peak_freq mismatch too weak,,,,,sim_00195,light,,,,,,T8,edge,spike,lo_path_error,,
,,,8190000000.0,-594421.1622048187,True,"{'bias_db_min': -0.1, 'bias_db_max': -0.02}",,,,,"{'bands': [{'start_hz': 6261872691.575325, 'end_hz': 7146005531.952841, 'center_hz': 6703939111.764083, 'width_hz': 884132840.377516, 'amplitude_hz': np.float64(42212906.726096064), 'ramp_hz': 81126368.02501735}], 'track_type': 'hole'}",,,-72.57889648410485,,,sim_00196,mid,-0.059442116220481865,,,,,T8,in_spec_weak,hole,clock_drift,,
,,,8190000000.0,360292.96032310027,True,"{'bias_db_min': -0.1, 'bias_db_max': -0.02}",,,,,"{'bands': [{'start_hz': 7447297994.438497, 'end_hz': 7805788309.469422, 'center_hz': 7626543151.953959, 'width_hz': 358490315.0309253, 'amplitude_hz': np.float64(49680450.41412562), 'ramp_hz': 109552620.01185946}], 'track_type': 'hole'}",,,43.99181444726499,,,sim_00197,light,0.036029296032310025,,,,,T8,mild_oos,hole,clock_drift,,
,,,8190000000.0,1950743.70815931,True,"{'bias_db_min': -0.1, 'bias_db_max': -0.02}",,,,,"{'bands': [], 'track_type': 'spike'}",peak_freq mismatch too weak,,238.1860449522967,,,sim_00198,severe,0.19507437081593101,,,,,T8,edge,spike,freq_miscal,0.00023789557416576952,0.9995206120737687
,,,8190000000.0,155223.2909485006,True,"{'bias_db_min': -0.1, 'bias_db_max': -0.02}",,,,,"{'bands': [], 'track_type': np.str_('spike')}",,,18.952782777594702,,,sim_00199,light,0.01552232909485006,,,,,T8,edge,spike,clock_drift,,
,,,,,,,-0.06602779348918787,,,-0.3180951292736876,,,,,,,sim_00200,severe,,,,,ref_error_offset,T1,in_spec_weak,,ref_miscal,,
,,,,,,,-0.05860812645913349,,,-0.05762615936456235,,,,,,,sim_00201,light,,,,,ref_error_offset,T1,edge,,ref_miscal,,
,,,,,,,-0.06602839212921359,,,-0.19309957901579827,,,,,,,sim_00202,mid,,,,,ref_error_offset,T1,in_spec_weak,,ref_miscal,,
,,,,,,,-0.06951986831850358,,,-0.10783502345126791,,,,,,,sim_00203,mid,,,,,ref_error_offset,T1,mild_oos,,ref_miscal,,
,,,,,,,-0.058555317349967925,,,-0.1978971238667925,,,,,,,sim_00204,mid,,,,,ref_error_offset,T1,mild_oos,,ref_miscal,,
,,,,,,,-0.06958268855832987,,,0.2378022912463007,,,,,,,sim_00205,severe,,,,,ref_error_offset,T1,edge,,ref_miscal,,
,,,,,,,-0.05038381615817155,,,0.09987357599845659,,,,,,,sim_00206,light,,,,,ref_error_offset,T1,in_spec_weak,,ref_miscal,,
,,,,,,,0.08193352047863395,,,-0.1016462740713694,,,,,,,sim_00207,mid,,,,,ref_error_offset,T1,edge,,ref_miscal,,
,,,,,,,-0.051199942726921396,,,-0.08106515937382286,,,,,,,sim_00208,light,,,,,ref_error_offset,T1,edge,,ref_miscal,,
,,,,,,,0.04876132053240293,,,-0.04556959975864622,,,,,,,sim_00209,light,,,,,ref_error_offset,T1,mild_oos,,ref_miscal,,
,,,,,,,-0.06345352595843777,,,-0.196028025233471,,,,,,,sim_00210,mid,,,,,ref_error_offset,T1,edge,,ref_miscal,,
,,,,,,,0.058960724636067885,,,0.0614868928674534,,,,,,,sim_00211,light,,,,,ref_error_offset,T1,mild_oos,,ref_miscal,,
,,,,,,,0.05021012624846294,,,-0.18568397364910605,,,,,,,sim_00212,mid,,,,,ref_error_offset,T1,in_spec_weak,,ref_miscal,,
,,,,,,,-0.059547687028807264,,,-0.08051785466547384,,,,,,,sim_00213,light,,,,,ref_error_offset,T1,in_spec_weak,,ref_miscal,,
,,,,,,,0.048538405268006395,,,0.07618870877340041,,,,,,,sim_00214,light,,,,,ref_error_offset,T1,in_spec_weak,,ref_miscal,,
,,,,,,,0.057314469171858444,,,-0.14695362473461676,,,,,,,sim_00215,mid,,,,,ref_error_offset,T1,in_spec_weak,,ref_miscal,,
,,,,,,,0.05799005453275951,,,-0.10400972451255068,,,,,,,sim_00216,mid,,,,,ref_error_offset,T1,in_spec_weak,,ref_miscal,,
,,,,,,,-0.056419422860377336,,,-0.09667510819653563,,,,,,,sim_00217,light,,,,,ref_error_offset,T1,edge,,ref_miscal,,
,,,,,,,-0.06477884988535058,,,-0.08171273809449325,,,,,,,sim_00218,light,,,,,ref_error_offset,T1,in_spec_weak,,ref_miscal,,
,,,,,,,-0.05952962800731488,,,0.08007621273801413,,,,,,,sim_00219,light,,,,,ref_error_offset,T1,in_spec_weak,,ref_miscal,,
,,,,,,,0.064898790386731,,,-0.0944941518657132,,,,,,,sim_00220,light,,,,,ref_error_offset,T1,mild_oos,,ref_miscal,,
,,,,,,,-0.07419522336242555,,,0.1523624304183337,,,,,,,sim_00221,mid,,,,,ref_error_offset,T1,in_spec_weak,,ref_miscal,,
,,,,,,,0.05533872667842124,,,0.1489209894593444,,,,,,,sim_00222,mid,,,,,ref_error_offset,T1,edge,,ref_miscal,,
,,,,,,,-0.08414230576416291,,,0.11843249385599829,,,,,,,sim_00223,mid,,,,,ref_error_offset,T1,mild_oos,,ref_miscal,,
,,,,,,,0.07126414632613902,,,-0.14370716693887073,,,,,,,sim_00224,mid,,,,,ref_error_offset,T1,edge,,ref_miscal,,
,,,,,,,0.058013288812539233,,,-0.18612467179000988,,,,,,,sim_00225,mid,,,,,ref_error_offset,T1,edge,,ref_miscal,,
,,,,,,,-0.05576482935354285,,,-0.0592260946924877,,,,,,,sim_00226,light,,,,,ref_error_offset,T1,mild_oos,,ref_miscal,,
,,,,,,,-0.06545969056277966,,,0.13265679408153833,,,,,,,sim_00227,mid,,,,,ref_error_offset,T1,in_spec_weak,,ref_miscal,,
,,,,,,,0.05612373602830333,,,-0.06727948531782882,,,,,,,sim_00228,light,,,,,ref_error_offset,T1,in_spec_weak,,ref_miscal,,
,,,,,,,-0.06012208293630306,,,0.16074800698657432,,,,,,,sim_00229,mid,,,,,ref_error_offset,T1,mild_oos,,ref_miscal,,
,,,,,,,-0.05336826470167075,,,-0.08200371457090383,,,,,,,sim_00230,light,,,,,ref_error_offset,T1,in_spec_weak,,ref_miscal,,
,,,,,,,0.06159570683497925,,,0.08568916112319688,,,,,,,sim_00231,light,,,,,ref_error_offset,T1,mild_oos,,ref_miscal,,
,,,,,,,-0.04858468395943086,,,-0.0691766520192206,,,,,,,sim_00232,light,,,,,ref_error_offset,T1,edge,,ref_miscal,,
,,,,,,,-0.0630046620681611,,,0.1447518281482292,,,,,,,sim_00233,mid,,,,,ref_error_offset,T1,in_spec_weak,,ref_miscal,,
,,,,,,,0.06341086128420764,,,-0.12935842357171207,,,,,,,sim_00234,mid,,,,,ref_error_offset,T1,in_spec_weak,,ref_miscal,,
,,,,,,,-0.049914009947676474,,,0.13812863789589158,,,,,,,sim_00235,mid,,,,,ref_error_offset,T1,edge,,ref_miscal,,
,,,,,,,-0.07108833466113199,,,-0.2791362031352861,,,,,,,sim_00236,severe,,,,,ref_error_offset,T1,edge,,ref_miscal,,
,,,,,,,-0.06645556295658452,,,0.10925308842022542,,,,,,,sim_00237,mid,,,,,ref_error_offset,T1,in_spec_weak,,ref_miscal,,
,,,,,,,0.08410291034142094,,,0.2872357956312319,,,,,,,sim_00238,severe,,,,,ref_error_offset,T1,in_spec_weak,,ref_miscal,,
,,,,,,,0.07366567188001812,,,0.19434989446444242,,,,,,,sim_00239,mid,,,,,ref_error_offset,T1,mild_oos,,ref_miscal,,
,,,,,,,0.057787790733436956,,,0.0767089529476233,,,,,,,sim_00240,light,,,,,ref_error_offset,T1,in_spec_weak,,ref_miscal,,
,,,,,,,0.06918900538565802,,,-0.15127532199496957,,,,,,,sim_00241,mid,,,,,ref_error_offset,T1,mild_oos,,ref_miscal,,
,,,,,,,-0.053354959569563765,,,-0.06867884764397687,,,,,,,sim_00242,light,,,,,ref_error_offset,T1,edge,,ref_miscal,,
,,,,,,,0.0569680154904689,,,-0.07736504759535409,,,,,,,sim_00243,light,,,,,ref_error_offset,T1,in_spec_weak,,ref_miscal,,
,,,,,,,-0.0594141449805065,,,-0.18612101349883417,,,,,,,sim_00244,mid,,,,,ref_error_offset,T1,in_spec_weak,,ref_miscal,,
,,,,,,,-0.07103471735419253,,,0.11400536145881596,,,,,,,sim_00245,mid,,,,,ref_error_offset,T1,edge,,ref_miscal,,
,,,,,,,0.056647914549419365,,,-0.16878447184255263,,,,,,,sim_00246,mid,,,,,ref_error_offset,T1,edge,,ref_miscal,,
,,,,,,,0.04781867016373931,,,-0.08561288019691338,,,,,,,sim_00247,light,,,,,ref_error_offset,T1,in_spec_weak,,ref_miscal,,
,,,,,,,-0.06317046905253035,,,-0.1352987501417734,,,,,,,sim_00248,mid,,,,,ref_error_offset,T1,mild_oos,,ref_miscal,,
,,,,,,,-0.062033047310203246,,,-0.13152110731092398,,,,,,,sim_00249,mid,,,,,ref_error_offset,T1,in_spec_weak,,ref_miscal,,
,,,,,,,-0.05709595994334962,,,-0.07514671634157788,,,,,,,sim_00250,light,,,,,ref_error_offset,T1,in_spec_weak,,ref_miscal,,
,,,,,,,-0.07847250626414706,,,0.1255789478446672,,,,,,,sim_00251,mid,,,,,ref_error_offset,T1,mild_oos,,ref_miscal,,
,,,,,,,0.0872424517732276,,,0.1677961644899537,,,,,,,sim_00252,mid,,,,,ref_error_offset,T1,in_spec_weak,,ref_miscal,,
,,,,,,,-0.061346365266567886,,,0.18818182120580135,,,,,,,sim_00253,mid,,,,,ref_error_offset,T1,in_spec_weak,,ref_miscal,,
,,,,,,,-0.06292965642104822,,,0.04274098555832753,,,,,,,sim_00254,light,,,,,ref_error_offset,T1,in_spec_weak,,ref_miscal,,
,,,,,,,0.060486513757773135,,,0.12940156991209517,,,,,,,sim_00255,mid,,,,,ref_error_offset,T1,mild_oos,,ref_miscal,,
,,,,,,,-0.05630675525924109,,,0.09698583787707339,,,,,,,sim_00256,light,,,,,ref_error_offset,T1,edge,,ref_miscal,,
,,,,,,,0.07897288425302948,,,0.11317766021208459,,,,,,,sim_00257,mid,,,,,ref_error_offset,T1,edge,,ref_miscal,,
,,,,,,,-0.07616257305335786,,,0.27887698239080977,,,,,,,sim_00258,severe,,,,,ref_error_offset,T1,edge,,ref_miscal,,
,,,,,,,-0.050376410336817584,,,-0.07526553078552489,,,,,,,sim_00259,light,,,,,ref_error_offset,T1,edge,,ref_miscal,,
,,,,,,,-0.08302057713425802,,,-0.16424729128681886,,,,,,,sim_00260,mid,,,,,ref_error_offset,T1,mild_oos,,ref_miscal,,
,,,,,,,-0.052746253975035934,,,0.17870603611981029,,,,,,,sim_00261,mid,,,,,ref_error_offset,T1,edge,,ref_miscal,,
,,,,,,,-0.06158964026860096,,,-0.06700521049262574,,,,,,,sim_00262,light,,,,,ref_error_offset,T1,in_spec_weak,,ref_miscal,,
,,,,,,,0.053065573150380116,,,0.06784081332939557,,,,,,,sim_00263,light,,,,,ref_error_offset,T1,mild_oos,,ref_miscal,,
,,,,,,,-0.06180998423500808,,,-0.19347375246227866,,,,,,,sim_00264,mid,,,,,ref_error_offset,T1,in_spec_weak,,ref_miscal,,
,,,,,,,-0.0745548760865658,,,0.16355647388771496,,,,,,,sim_00265,mid,,,,,ref_error_offset,T1,in_spec_weak,,ref_miscal,,
,,,,,,,0.05909610753157433,,,0.05772414289942706,,,,,,,sim_00266,light,,,,,ref_error_offset,T1,in_spec_weak,,ref_miscal,,
,,,,,,,0.05149523350319479,,,-0.05903753769054296,,,,,,,sim_00267,light,,,,,ref_error_offset,T1,mild_oos,,ref_miscal,,
,,,,,,,-0.06164595342841434,,,0.052830571130969575,,,,,,,sim_00268,light,,,,,ref_error_offset,T1,edge,,ref_miscal,,
,,,,,,,0.057407526203071,,,-0.04841086145353618,,,,,,,sim_00269,light,,,,,ref_error_offset,T1,mild_oos,,ref_miscal,,
,,,,,,,0.06293678903506414,,,-0.09150986968066452,,,,,,,sim_00270,light,,,,,ref_error_offset,T1,mild_oos,,ref_miscal,,
,,,,,,,-0.0636684165106708,,,0.06291777511921468,,,,,,,sim_00271,light,,,,,ref_error_offset,T1,edge,,ref_miscal,,
,,,,,,,-0.05101365203672316,,,-0.06760516442522772,,,,,,,sim_00272,light,,,,,ref_error_offset,T1,edge,,ref_miscal,,
,,,,,,,-0.0588515778087096,,,-0.050892018534453874,,,,,,,sim_00273,light,,,,,ref_error_offset,T1,in_spec_weak,,ref_miscal,,
,,,,,,,-0.05469920346479146,,,0.0427800974406781,,,,,,,sim_00274,light,,,,,ref_error_offset,T1,in_spec_weak,,ref_miscal,,
,,,,,,,0.09157353995681708,,,-0.21609465619074844,,,,,,,sim_00275,severe,,,,,ref_error_offset,T1,edge,,ref_miscal,,
,,,,,,,0.053609680413155725,,,-0.10325780997858008,,,,,,,sim_00276,mid,,,,,ref_error_offset,T1,in_spec_weak,,ref_miscal,,
,,,,,,,-0.05146935021115496,,,0.08213557718576064,,,,,,,sim_00277,light,,,,,ref_error_offset,T1,mild_oos,,ref_miscal,,
,,,,,,,-0.062238915732632086,,,-0.1583696761193224,,,,,,,sim_00278,mid,,,,,ref_error_offset,T1,edge,,ref_miscal,,
,,,,,,,-0.06738895416277112,,,-0.19097828869200045,,,,,,,sim_00279,mid,,,,,ref_error_offset,T1,edge,,ref_miscal,,
,,,,,,,-0.05717287328369104,,,-0.06882468007301262,,,,,,,sim_00280,light,,,,,ref_error_offset,T1,in_spec_weak,,ref_miscal,,
,,,,,,,-0.07423364038849345,,,0.15021226042766833,,,,,,,sim_00281,mid,,,,,ref_error_offset,T1,in_spec_weak,,ref_miscal,,
,,,,,,,-0.061269925548052356,,,-0.11182235970818298,,,,,,,sim_00282,mid,,,,,ref_error_offset,T1,in_spec_weak,,ref_miscal,,
,,,,,,,-0.05026050870270651,,,0.1660322453190461,,,,,,,sim_00283,mid,,,,,ref_error_offset,T1,mild_oos,,ref_miscal,,
,,,,,,,0.049362084204451005,,,-0.07313310641073795,,,,,,,sim_00284,light,,,,,ref_error_offset,T1,in_spec_weak,,ref_miscal,,
,,,,,,,-0.0635267673921098,,,-0.14654319955540154,,,,,,,sim_00285,mid,,,,,ref_error_offset,T1,in_spec_weak,,ref_miscal,,
,,,,,,,0.0542632713670217,,,0.07442393607995601,,,,,,,sim_00286,light,,,,,ref_error_offset,T1,mild_oos,,ref_miscal,,
,,,,,,,-0.04858444975531275,,,0.04434539544861087,,,,,,,sim_00287,light,,,,,ref_error_offset,T1,in_spec_weak,,ref_miscal,,
,,,,,,,-0.06566880736825154,,,-0.10010513006326477,,,,,,,sim_00288,mid,,,,,ref_error_offset,T1,edge,,ref_miscal,,
,,,,,,,-0.0607394880066875,,,0.084462214830929,,,,,,,sim_00289,light,,,,,ref_error_offset,T1,mild_oos,,ref_miscal,,
,,,,,,,0.059838245757387463,,,0.07091798613821788,,,,,,,sim_00290,light,,,,,ref_error_offset,T1,in_spec_weak,,ref_miscal,,
,,,,,,,-0.05706077594491298,,,-0.04794242166509407,,,,,,,sim_00291,light,,,,,ref_error_offset,T1,mild_oos,,ref_miscal,,
,,,,,,,-0.05112015885324746,,,-0.06473543427134895,,,,,,,sim_00292,light,,,,,ref_error_offset,T1,edge,,ref_miscal,,
,,,,,,,0.0498766799778071,,,0.07354429414771027,,,,,,,sim_00293,light,,,,,ref_error_offset,T1,in_spec_weak,,ref_miscal,,
,,,,,,,0.05337104989680122,,,0.06589401741409784,,,,,,,sim_00294,light,,,,,ref_error_offset,T1,in_spec_weak,,ref_miscal,,
,,,,,,,0.052207113532791206,,,0.0689532368750212,,,,,,,sim_00295,light,,,,,ref_error_offset,T1,in_spec_weak,,ref_miscal,,
,,,,,,,-0.07013077484585288,,,-0.15635144851505753,,,,,,,sim_00296,mid,,,,,ref_error_offset,T1,mild_oos,,ref_miscal,,
,,,,,,,0.0573825842369701,,,0.08183625163886393,,,,,,,sim_00297,light,,,,,ref_error_offset,T1,in_spec_weak,,ref_miscal,,
,,,,,,,0.05972075725664188,,,0.0533556563791872,,,,,,,sim_00298,light,,,,,ref_error_offset,T1,in_spec_weak,,ref_miscal,,
,,,,,,,-0.05549188352030941,,,-0.05916529677507072,,,,,,,sim_00299,light,,,,,ref_error_offset,T1,mild_oos,,ref_miscal,,
,,,,,,,,,normal_state_A,,,,,,,,sim_00300,light,,,,,,,edge,,normal,,
,,,,,,,,,normal_state_A,,,,,,,,sim_00301,mid,,,,,,,edge,,normal,,
,,,,,,,,,normal_state_A,,,,,,,,sim_00302,light,,,,,,,in_spec_weak,,normal,,
,,,,,,,,,normal_state_A,,,,,,,,sim_00303,light,,,,,,,in_spec_weak,,normal,,
,,,,,,,,,normal_state_A,,,,,,,,sim_00304,light,,,,,,,in_spec_weak,,normal,,
,,,,,,,,,normal_state_A,,,,,,,,sim_00305,severe,,,,,,,in_spec_weak,,normal,,
,,,,,,,,,normal_state_A,,,,,,,,sim_00306,light,,,,,,,in_spec_weak,,normal,,
,,,,,,,,,normal_state_A,,,,,,,,sim_00307,mid,,,,,,,edge,,normal,,
,,,,,,,,,normal_state_A,,,,,,,,sim_00308,light,,,,,,,in_spec_weak,,normal,,
,,,,,,,,,normal_state_B,,,,,,,,sim_00309,light,,,,,,,in_spec_weak,,normal,,
,,,,,,,,,normal_state_A,,,,,,,,sim_00310,light,,,,,,,in_spec_weak,,normal,,
,,,,,,,,,normal_state_A,,,,,,,,sim_00311,mid,,,,,,,in_spec_weak,,normal,,
,,,,,,,,,normal_state_A,,,,,,,,sim_00312,light,,,,,,,edge,,normal,,
,,,,,,,,,normal_state_A,,,,,,,,sim_00313,mid,,,,,,,in_spec_weak,,normal,,
,,,,,,,,,normal_state_A,,,,,,,,sim_00314,mid,,,,,,,in_spec_weak,,normal,,
,,,,,,,,,normal_state_A,,,,,,,,sim_00315,light,,,,,,,in_spec_weak,,normal,,
,,,,,,,,,normal_state_B,,,,,,,,sim_00316,light,,,,,,,in_spec_weak,,normal,,
,,,,,,,,,normal_state_A,,,,,,,,sim_00317,light,,,,,,,edge,,normal,,
,,,,,,,,,normal_state_A,,,,,,,,sim_00318,light,,,,,,,edge,,normal,,
,,,,,,,,,normal_state_A,,,,,,,,sim_00319,light,,,,,,,edge,,normal,,
,,,,,,,,,normal_state_A,,,,,,,,sim_00320,mid,,,,,,,in_spec_weak,,normal,,
,,,,,,,,,normal_state_A,,,,,,,,sim_00321,light,,,,,,,edge,,normal,,
,,,,,,,,,normal_state_A,,,,,,,,sim_00322,mid,,,,,,,in_spec_weak,,normal,,
,,,,,,,,,normal_state_A,,,,,,,,sim_00323,light,,,,,,,in_spec_weak,,normal,,
,,,,,,,,,normal_state_A,,,,,,,,sim_00324,mid,,,,,,,edge,,normal,,
,,,,,,,,,normal_state_A,,,,,,,,sim_00325,severe,,,,,,,in_spec_weak,,normal,,
,,,,,,,,,normal_state_A,,,,,,,,sim_00326,severe,,,,,,,in_spec_weak,,normal,,
,,,,,,,,,normal_state_A,,,,,,,,sim_00327,light,,,,,,,edge,,normal,,
,,,,,,,,,normal_state_A,,,,,,,,sim_00328,light,,,,,,,in_spec_weak,,normal,,
,,,,,,,,,normal_state_B,,,,,,,,sim_00329,severe,,,,,,,in_spec_weak,,normal,,
,,,,,,,,,normal_state_A,,,,,,,,sim_00330,mid,,,,,,,in_spec_weak,,normal,,
,,,,,,,,,normal_state_A,,,,,,,,sim_00331,light,,,,,,,in_spec_weak,,normal,,
,,,,,,,,,normal_state_A,,,,,,,,sim_00332,mid,,,,,,,in_spec_weak,,normal,,
,,,,,,,,,normal_state_A,,,,,,,,sim_00333,mid,,,,,,,in_spec_weak,,normal,,
,,,,,,,,,normal_state_B,,,,,,,,sim_00334,severe,,,,,,,in_spec_weak,,normal,,
,,,,,,,,,normal_state_A,,,,,,,,sim_00335,light,,,,,,,in_spec_weak,,normal,,
,,,,,,,,,normal_state_A,,,,,,,,sim_00336,light,,,,,,,in_spec_weak,,normal,,
,,,,,,,,,normal_state_A,,,,,,,,sim_00337,light,,,,,,,in_spec_weak,,normal,,
,,,,,,,,,normal_state_A,,,,,,,,sim_00338,light,,,,,,,in_spec_weak,,normal,,
,,,,,,,,,normal_state_A,,,,,,,,sim_00339,light,,,,,,,edge,,normal,,
,,,,,,,,,normal_state_B,,,,,,,,sim_00340,light,,,,,,,edge,,normal,,
,,,,,,,,,normal_state_A,,,,,,,,sim_00341,mid,,,,,,,in_spec_weak,,normal,,
,,,,,,,,,normal_state_A,,,,,,,,sim_00342,light,,,,,,,edge,,normal,,
,,,,,,,,,normal_state_A,,,,,,,,sim_00343,mid,,,,,,,edge,,normal,,
,,,,,,,,,normal_state_A,,,,,,,,sim_00344,light,,,,,,,in_spec_weak,,normal,,
,,,,,,,,,normal_state_B,,,,,,,,sim_00345,mid,,,,,,,in_spec_weak,,normal,,
,,,,,,,,,normal_state_A,,,,,,,,sim_00346,light,,,,,,,in_spec_weak,,normal,,
,,,,,,,,,normal_state_A,,,,,,,,sim_00347,mid,,,,,,,edge,,normal,,
,,,,,,,,,normal_state_A,,,,,,,,sim_00348,mid,,,,,,,edge,,normal,,
,,,,,,,,,normal_state_A,,,,,,,,sim_00349,light,,,,,,,edge,,normal,,
,,,,,,,,,normal_state_A,,,,,,,,sim_00350,light,,,,,,,in_spec_weak,,normal,,
,,,,,,,,,normal_state_A,,,,,,,,sim_00351,light,,,,,,,edge,,normal,,
,,,,,,,,,normal_state_A,,,,,,,,sim_00352,mid,,,,,,,in_spec_weak,,normal,,
,,,,,,,,,normal_state_A,,,,,,,,sim_00353,light,,,,,,,in_spec_weak,,normal,,
,,,,,,,,,normal_state_B,,,,,,,,sim_00354,mid,,,,,,,in_spec_weak,,normal,,
,,,,,,,,,normal_state_A,,,,,,,,sim_00355,light,,,,,,,in_spec_weak,,normal,,
,,,,,,,,,normal_state_A,,,,,,,,sim_00356,mid,,,,,,,in_spec_weak,,normal,,
,,,,,,,,,normal_state_A,,,,,,,,sim_00357,light,,,,,,,in_spec_weak,,normal,,
,,,,,,,,,normal_state_A,,,,,,,,sim_00358,mid,,,,,,,in_spec_weak,,normal,,
,,,,,,,,,normal_state_A,,,,,,,,sim_00359,light,,,,,,,in_spec_weak,,normal,,
,,,,,,,,,normal_state_A,,,,,,,,sim_00360,mid,,,,,,,in_spec_weak,,normal,,
,,,,,,,,,normal_state_A,,,,,,,,sim_00361,mid,,,,,,,edge,,normal,,
,,,,,,,,,normal_state_A,,,,,,,,sim_00362,light,,,,,,,in_spec_weak,,normal,,
,,,,,,,,,normal_state_A,,,,,,,,sim_00363,light,,,,,,,in_spec_weak,,normal,,
,,,,,,,,,normal_state_A,,,,,,,,sim_00364,light,,,,,,,in_spec_weak,,normal,,
,,,,,,,,,normal_state_A,,,,,,,,sim_00365,light,,,,,,,in_spec_weak,,normal,,
,,,,,,,,,normal_state_A,,,,,,,,sim_00366,mid,,,,,,,in_spec_weak,,normal,,
,,,,,,,,,normal_state_B,,,,,,,,sim_00367,light,,,,,,,in_spec_weak,,normal,,
,,,,,,,,,normal_state_A,,,,,,,,sim_00368,severe,,,,,,,in_spec_weak,,normal,,
,,,,,,,,,normal_state_A,,,,,,,,sim_00369,light,,,,,,,edge,,normal,,
,,,,,,,,,normal_state_A,,,,,,,,sim_00370,light,,,,,,,in_spec_weak,,normal,,
,,,,,,,,,normal_state_A,,,,,,,,sim_00371,light,,,,,,,in_spec_weak,,normal,,
,,,,,,,,,normal_state_A,,,,,,,,sim_00372,light,,,,,,,in_spec_weak,,normal,,
,,,,,,,,,normal_state_A,,,,,,,,sim_00373,mid,,,,,,,in_spec_weak,,normal,,
,,,,,,,,,normal_state_A,,,,,,,,sim_00374,mid,,,,,,,in_spec_weak,,normal,,
,,,,,,,,,normal_state_A,,,,,,,,sim_00375,light,,,,,,,in_spec_weak,,normal,,
,,,,,,,,,normal_state_A,,,,,,,,sim_00376,light,,,,,,,in_spec_weak,,normal,,
,,,,,,,,,normal_state_A,,,,,,,,sim_00377,mid,,,,,,,in_spec_weak,,normal,,
,,,,,,,,,normal_state_B,,,,,,,,sim_00378,light,,,,,,,in_spec_weak,,normal,,
,,,,,,,,,normal_state_B,,,,,,,,sim_00379,mid,,,,,,,edge,,normal,,
,,,,,,,,,normal_state_A,,,,,,,,sim_00380,mid,,,,,,,in_spec_weak,,normal,,
,,,,,,,,,normal_state_A,,,,,,,,sim_00381,light,,,,,,,in_spec_weak,,normal,,
,,,,,,,,,normal_state_A,,,,,,,,sim_00382,light,,,,,,,edge,,normal,,
,,,,,,,,,normal_state_A,,,,,,,,sim_00383,light,,,,,,,in_spec_weak,,normal,,
,,,,,,,,,normal_state_B,,,,,,,,sim_00384,mid,,,,,,,in_spec_weak,,normal,,
,,,,,,,,,normal_state_A,,,,,,,,sim_00385,mid,,,,,,,edge,,normal,,
,,,,,,,,,normal_state_A,,,,,,,,sim_00386,mid,,,,,,,in_spec_weak,,normal,,
,,,,,,,,,normal_state_A,,,,,,,,sim_00387,light,,,,,,,in_spec_weak,,normal,,
,,,,,,,,,normal_state_A,,,,,,,,sim_00388,light,,,,,,,in_spec_weak,,normal,,
,,,,,,,,,normal_state_A,,,,,,,,sim_00389,light,,,,,,,in_spec_weak,,normal,,
,,,,,,,,,normal_state_A,,,,,,,,sim_00390,light,,,,,,,in_spec_weak,,normal,,
,,,,,,,,,normal_state_A,,,,,,,,sim_00391,light,,,,,,,in_spec_weak,,normal,,
,,,,,,,,,normal_state_A,,,,,,,,sim_00392,light,,,,,,,edge,,normal,,
,,,,,,,,,normal_state_A,,,,,,,,sim_00393,light,,,,,,,in_spec_weak,,normal,,
,,,,,,,,,normal_state_A,,,,,,,,sim_00394,light,,,,,,,edge,,normal,,
,,,,,,,,,normal_state_A,,,,,,,,sim_00395,light,,,,,,,in_spec_weak,,normal,,
,,,,,,,,,normal_state_A,,,,,,,,sim_00396,mid,,,,,,,in_spec_weak,,normal,,
,,,,,,,,,normal_state_A,,,,,,,,sim_00397,mid,,,,,,,in_spec_weak,,normal,,
,,,,,,,,,normal_state_A,,,,,,,,sim_00398,light,,,,,,,edge,,normal,,
,,,,,,,,,normal_state_A,,,,,,,,sim_00399,light,,,,,,,edge,,normal,,
